+ BASE_DIR=/home/cug/thesis/blockchain-simulations/FloorEstimation
++ realpath /home/cug/thesis/blockchain-simulations/FloorEstimation
+ FLOOR=/home/cug/thesis/blockchain-simulations/FloorEstimation
+ HPC=/home/cug/thesis/blockchain-simulations/FloorEstimation/hpc
++ realpath /home/cug/thesis/blockchain-simulations/FloorEstimation/..
+ ROOT=/home/cug/thesis/blockchain-simulations
+ LOG_DIR=/home/cug/thesis/blockchain-simulations/FloorEstimation/logs
+ mkdir -p /home/cug/thesis/blockchain-simulations/FloorEstimation/logs
+ export OMP_NUM_THREADS=1 MKL_NUM_THREADS=1 OPENBLAS_NUM_THREADS=1 NUMEXPR_NUM_THREADS=1
+ OMP_NUM_THREADS=1
+ MKL_NUM_THREADS=1
+ OPENBLAS_NUM_THREADS=1
+ NUMEXPR_NUM_THREADS=1
+ export SIF=/home/cug/thesis/blockchain-simulations/FloorEstimation/hpc/geth.sif
+ SIF=/home/cug/thesis/blockchain-simulations/FloorEstimation/hpc/geth.sif
+ export GENESIS_JSON=/home/cug/thesis/blockchain-simulations/argos-blockchain/geth/files/genesis_poa.json
+ GENESIS_JSON=/home/cug/thesis/blockchain-simulations/argos-blockchain/geth/files/genesis_poa.json
+ export HPC_NUM_NODES=24
+ HPC_NUM_NODES=24
+ export HPC_BASE_OFFSET=0
+ HPC_BASE_OFFSET=0
+ export NETWORK_ID=456719
+ NETWORK_ID=456719
+ export P2P_BASE=30303
+ P2P_BASE=30303
+ export HTTP_BASE=8545
+ HTTP_BASE=8545
+ export WS_BASE=8546
+ WS_BASE=8546
+ export HPC_MODE=1
+ HPC_MODE=1
+ export GETH_HOST=127.0.0.1
+ GETH_HOST=127.0.0.1
+ export GETH_HTTP_PORT=8545
+ GETH_HTTP_PORT=8545
+ export GETH_WS_PORT=8546
+ GETH_WS_PORT=8546
+ module load apptainer
+ true
+ '[' '!' -f /home/cug/thesis/blockchain-simulations/FloorEstimation/hpc/geth.sif ']'
+ cd /home/cug/thesis/blockchain-simulations/FloorEstimation
+ export WORKDIR=/tmp/ethnet
+ WORKDIR=/tmp/ethnet
+ mkdir -p /tmp/ethnet /tmp/ethnet/nodes /tmp/ethnet/nodekeys /tmp/ethnet/neighbors
+ byz=(0 2 4 6)
+ CFG_IDX=0
+ REP=1
+ NUMBYZ=0
+ NUM1=24
++ hostname -I
++ awk '{print $1}'
+ HOST_IP=192.168.1.152
+ echo '[array] host_ip=192.168.1.152  task_id=0  cfg=0  rep=1'
+ pushd /home/cug/thesis/blockchain-simulations/FloorEstimation
+ python3 /home/cug/thesis/blockchain-simulations/FloorEstimation/hpc/make_identifiers.py 24
+ GETH_LAUNCH_PID=3270035
+ bash /home/cug/thesis/blockchain-simulations/FloorEstimation/hpc/start-geth.sh
+ PEER_PID=3270036
+ echo '[array] waiting for geth JSON-RPC on :8545'
+ python3 /home/cug/thesis/blockchain-simulations/FloorEstimation/hpc/peering_service.py
+ for i in {1..300}
+ curl -fsS -H 'Content-Type: application/json' -X POST --data '{"jsonrpc":"2.0","method":"web3_clientVersion","params":[],"id":1}' http://127.0.0.1:8545
+ echo '[array] JSON-RPC ready'
+ break
+ '[' 1 -ge 300 ']'
+ source /home/cug/thesis/blockchain-simulations/FloorEstimation/experimentconfig.sh
++ export HOMEFOLDER=/home/cug
++ HOMEFOLDER=/home/cug
++ export MAINFOLDER=/home/cug/thesis/blockchain-simulations
++ MAINFOLDER=/home/cug/thesis/blockchain-simulations
++ export DOCKERFOLDER=/home/cug/thesis/blockchain-simulations/argos-blockchain
++ DOCKERFOLDER=/home/cug/thesis/blockchain-simulations/argos-blockchain
++ export ARGOSFOLDER=/home/cug/thesis/blockchain-simulations/argos-python
++ ARGOSFOLDER=/home/cug/thesis/blockchain-simulations/argos-python
++ export EXPERIMENTFOLDER=/home/cug/thesis/blockchain-simulations/FloorEstimation
++ EXPERIMENTFOLDER=/home/cug/thesis/blockchain-simulations/FloorEstimation
++ export BLOCKCHAINPATH=/home/cug/eth_data_para/data
++ BLOCKCHAINPATH=/home/cug/eth_data_para/data
++ export ARGOSNAME=fast-floor
++ ARGOSNAME=fast-floor
++ export GENESISNAME=genesis_poa
++ GENESISNAME=genesis_poa
++ export CONTRACTNAME=MarketForaging
++ CONTRACTNAME=MarketForaging
++ export SCNAME=experiment_volker
++ SCNAME=experiment_volker
++ export GENESISFILE=/home/cug/thesis/blockchain-simulations/argos-blockchain/geth/files/genesis_poa.json
++ GENESISFILE=/home/cug/thesis/blockchain-simulations/argos-blockchain/geth/files/genesis_poa.json
++ export CONTRACTADDRESS=/home/cug/thesis/blockchain-simulations/FloorEstimation/scs/contractAddress.txt
++ CONTRACTADDRESS=/home/cug/thesis/blockchain-simulations/FloorEstimation/scs/contractAddress.txt
++ export CONTRACTABI=/home/cug/thesis/blockchain-simulations/FloorEstimation/scs/build/MarketForaging.abi
++ CONTRACTABI=/home/cug/thesis/blockchain-simulations/FloorEstimation/scs/build/MarketForaging.abi
++ export CONTRACTBIN=/home/cug/thesis/blockchain-simulations/FloorEstimation/scs/build/MarketForaging.bin-runtime
++ CONTRACTBIN=/home/cug/thesis/blockchain-simulations/FloorEstimation/scs/build/MarketForaging.bin-runtime
++ export SCFILE=/home/cug/thesis/blockchain-simulations/FloorEstimation/scs/experiment_volker.sol
++ SCFILE=/home/cug/thesis/blockchain-simulations/FloorEstimation/scs/experiment_volker.sol
++ export SCTEMPLATE=/home/cug/thesis/blockchain-simulations/FloorEstimation/scs/experiment_volker.x.sol
++ SCTEMPLATE=/home/cug/thesis/blockchain-simulations/FloorEstimation/scs/experiment_volker.x.sol
++ export ARGOSFILE=/home/cug/thesis/blockchain-simulations/FloorEstimation/experiments/fast-floor.argos
++ ARGOSFILE=/home/cug/thesis/blockchain-simulations/FloorEstimation/experiments/fast-floor.argos
++ export ARGOSTEMPLATE=/home/cug/thesis/blockchain-simulations/FloorEstimation/experiments/fast-floor.x.argos
++ ARGOSTEMPLATE=/home/cug/thesis/blockchain-simulations/FloorEstimation/experiments/fast-floor.x.argos
++ export SWARMNAME=ethereum
++ SWARMNAME=ethereum
++ export CONTAINERBASE=ethereum_eth
++ CONTAINERBASE=ethereum_eth
++ export REALTIME=true
++ REALTIME=true
++ export LENGTH=5000
++ LENGTH=5000
++ export FLOORFILE=38.png
++ FLOORFILE=38.png
++ export NUM1=12
++ NUM1=12
++ export NUMBYZANTINE=0
++ NUMBYZANTINE=0
++ export BYZANTINESWARMSTYLE=1
++ BYZANTINESWARMSTYLE=1
++ export CON1=/home/cug/thesis/blockchain-simulations/FloorEstimation/controllers/main.py
++ CON1=/home/cug/thesis/blockchain-simulations/FloorEstimation/controllers/main.py
++ export MYLOOP=loop_function_convergence.py
++ MYLOOP=loop_function_convergence.py
++ export RABRANGE=0.35
++ RABRANGE=0.35
++ export WHEELNOISE=0
++ WHEELNOISE=0
++ export TPS=1
++ TPS=1
++ export DENSITY=1
++ DENSITY=1
+++ echo 12
+++ bc
++ export NUMROBOTS=12
++ NUMROBOTS=12
++ export ARENADIM=1.9
++ ARENADIM=1.9
++ export ARENADIMH=0.95
++ ARENADIMH=0.95
++ export STARTDIM=0.6
++ STARTDIM=0.6
++ export BLOCKPERIOD=15
++ BLOCKPERIOD=15
++ export SEED=1500
++ SEED=1500
++ export TIMELIMIT=100
++ TIMELIMIT=100
++ export SLEEPTIME=5
++ SLEEPTIME=5
++ export REPS=1
++ REPS=1
++ export 'NOTES=Run with BYZ_COUNT=0, REP=1'
++ NOTES='Run with BYZ_COUNT=0, REP=1'
+ export NUM1=12
+ NUM1=12
+ export NUMBYZANTINE=0
+ NUMBYZANTINE=0
+ export REPS=1
+ REPS=1
+ ARGOSFILE=/home/cug/thesis/blockchain-simulations/FloorEstimation/experiments/fast-floor.argos
+ SLEEPTIME=5
+ echo '[array] starting ARGoS: /home/cug/thesis/blockchain-simulations/FloorEstimation/experiments/fast-floor.argos'
+ sleep 5
WARN [08-14|23:15:11.102] Unknown config environment variable      envvar=GETH_HOST
INFO [08-14|23:15:11.102] Config environment variable found        envvar=GETH_HTTP_PORT
INFO [08-14|23:15:11.102] Config environment variable found        envvar=GETH_WS_PORT
Fatal: invalid command-line: too many arguments
+ argos3 -z -c /home/cug/thesis/blockchain-simulations/FloorEstimation/experiments/fast-floor.argos
Traceback (most recent call last):
  File "/home/cug/thesis/blockchain-simulations/FloorEstimation/controllers/main.py", line 166, in init
    w3 = init_web3(robotIP)
  File "/home/cug/thesis/blockchain-simulations/FloorEstimation/controllers/console.py", line 21, in init_web3
    w3 = Web3(HTTPProvider(url))
NameError: name 'Web3' is not defined
Traceback (most recent call last):
  File "/home/cug/thesis/blockchain-simulations/FloorEstimation/controllers/main.py", line 166, in init
    w3 = init_web3(robotIP)
  File "/home/cug/thesis/blockchain-simulations/FloorEstimation/controllers/console.py", line 21, in init_web3
    w3 = Web3(HTTPProvider(url))
NameError: name 'Web3' is not defined
Traceback (most recent call last):
  File "/home/cug/thesis/blockchain-simulations/FloorEstimation/controllers/main.py", line 166, in init
    w3 = init_web3(robotIP)
  File "/home/cug/thesis/blockchain-simulations/FloorEstimation/controllers/console.py", line 21, in init_web3
    w3 = Web3(HTTPProvider(url))
NameError: name 'Web3' is not defined
Traceback (most recent call last):
  File "/home/cug/thesis/blockchain-simulations/FloorEstimation/controllers/main.py", line 166, in init
    w3 = init_web3(robotIP)
  File "/home/cug/thesis/blockchain-simulations/FloorEstimation/controllers/console.py", line 21, in init_web3
    w3 = Web3(HTTPProvider(url))
NameError: name 'Web3' is not defined
Traceback (most recent call last):
  File "/home/cug/thesis/blockchain-simulations/FloorEstimation/controllers/main.py", line 166, in init
    w3 = init_web3(robotIP)
  File "/home/cug/thesis/blockchain-simulations/FloorEstimation/controllers/console.py", line 21, in init_web3
    w3 = Web3(HTTPProvider(url))
NameError: name 'Web3' is not defined
Traceback (most recent call last):
  File "/home/cug/thesis/blockchain-simulations/FloorEstimation/controllers/main.py", line 166, in init
    w3 = init_web3(robotIP)
  File "/home/cug/thesis/blockchain-simulations/FloorEstimation/controllers/console.py", line 21, in init_web3
    w3 = Web3(HTTPProvider(url))
NameError: name 'Web3' is not defined
Traceback (most recent call last):
  File "/home/cug/thesis/blockchain-simulations/FloorEstimation/controllers/main.py", line 166, in init
    w3 = init_web3(robotIP)
  File "/home/cug/thesis/blockchain-simulations/FloorEstimation/controllers/console.py", line 21, in init_web3
    w3 = Web3(HTTPProvider(url))
NameError: name 'Web3' is not defined
Traceback (most recent call last):
  File "/home/cug/thesis/blockchain-simulations/FloorEstimation/controllers/main.py", line 166, in init
    w3 = init_web3(robotIP)
  File "/home/cug/thesis/blockchain-simulations/FloorEstimation/controllers/console.py", line 21, in init_web3
    w3 = Web3(HTTPProvider(url))
NameError: name 'Web3' is not defined
Traceback (most recent call last):
  File "/home/cug/thesis/blockchain-simulations/FloorEstimation/controllers/main.py", line 166, in init
    w3 = init_web3(robotIP)
  File "/home/cug/thesis/blockchain-simulations/FloorEstimation/controllers/console.py", line 21, in init_web3
    w3 = Web3(HTTPProvider(url))
NameError: name 'Web3' is not defined
Traceback (most recent call last):
  File "/home/cug/thesis/blockchain-simulations/FloorEstimation/controllers/main.py", line 166, in init
    w3 = init_web3(robotIP)
  File "/home/cug/thesis/blockchain-simulations/FloorEstimation/controllers/console.py", line 21, in init_web3
    w3 = Web3(HTTPProvider(url))
NameError: name 'Web3' is not defined
Traceback (most recent call last):
  File "/home/cug/thesis/blockchain-simulations/FloorEstimation/controllers/main.py", line 166, in init
    w3 = init_web3(robotIP)
  File "/home/cug/thesis/blockchain-simulations/FloorEstimation/controllers/console.py", line 21, in init_web3
    w3 = Web3(HTTPProvider(url))
NameError: name 'Web3' is not defined
Traceback (most recent call last):
  File "/home/cug/thesis/blockchain-simulations/FloorEstimation/controllers/main.py", line 166, in init
    w3 = init_web3(robotIP)
  File "/home/cug/thesis/blockchain-simulations/FloorEstimation/controllers/console.py", line 21, in init_web3
    w3 = Web3(HTTPProvider(url))
NameError: name 'Web3' is not defined
Traceback (most recent call last):
  File "/home/cug/thesis/blockchain-simulations/FloorEstimation/controllers/main.py", line 166, in init
    w3 = init_web3(robotIP)
  File "/home/cug/thesis/blockchain-simulations/FloorEstimation/controllers/console.py", line 21, in init_web3
    w3 = Web3(HTTPProvider(url))
NameError: name 'Web3' is not defined
Traceback (most recent call last):
  File "/home/cug/thesis/blockchain-simulations/FloorEstimation/controllers/main.py", line 332, in controlstep
    ticket_price_wei = w3.toWei(40, 'ether')
NameError: name 'w3' is not defined
Traceback (most recent call last):
  File "/home/cug/thesis/blockchain-simulations/FloorEstimation/controllers/main.py", line 332, in controlstep
    ticket_price_wei = w3.toWei(40, 'ether')
NameError: name 'w3' is not defined
Traceback (most recent call last):
  File "/home/cug/thesis/blockchain-simulations/FloorEstimation/controllers/main.py", line 332, in controlstep
    ticket_price_wei = w3.toWei(40, 'ether')
NameError: name 'w3' is not defined
Traceback (most recent call last):
  File "/home/cug/thesis/blockchain-simulations/FloorEstimation/controllers/main.py", line 332, in controlstep
    ticket_price_wei = w3.toWei(40, 'ether')
NameError: name 'w3' is not defined
Traceback (most recent call last):
  File "/home/cug/thesis/blockchain-simulations/FloorEstimation/controllers/main.py", line 332, in controlstep
    ticket_price_wei = w3.toWei(40, 'ether')
NameError: name 'w3' is not defined
Traceback (most recent call last):
  File "/home/cug/thesis/blockchain-simulations/FloorEstimation/controllers/main.py", line 332, in controlstep
    ticket_price_wei = w3.toWei(40, 'ether')
NameError: name 'w3' is not defined
Traceback (most recent call last):
  File "/home/cug/thesis/blockchain-simulations/FloorEstimation/controllers/main.py", line 332, in controlstep
    ticket_price_wei = w3.toWei(40, 'ether')
NameError: name 'w3' is not defined
Traceback (most recent call last):
  File "/home/cug/thesis/blockchain-simulations/FloorEstimation/controllers/main.py", line 332, in controlstep
    ticket_price_wei = w3.toWei(40, 'ether')
NameError: name 'w3' is not defined
Traceback (most recent call last):
  File "/home/cug/thesis/blockchain-simulations/FloorEstimation/controllers/main.py", line 332, in controlstep
    ticket_price_wei = w3.toWei(40, 'ether')
NameError: name 'w3' is not defined
Traceback (most recent call last):
  File "/home/cug/thesis/blockchain-simulations/FloorEstimation/controllers/main.py", line 332, in controlstep
    ticket_price_wei = w3.toWei(40, 'ether')
NameError: name 'w3' is not defined
Traceback (most recent call last):
  File "/home/cug/thesis/blockchain-simulations/FloorEstimation/controllers/main.py", line 332, in controlstep
    ticket_price_wei = w3.toWei(40, 'ether')
NameError: name 'w3' is not defined
Traceback (most recent call last):
  File "/home/cug/thesis/blockchain-simulations/FloorEstimation/controllers/main.py", line 332, in controlstep
    ticket_price_wei = w3.toWei(40, 'ether')
NameError: name 'w3' is not defined
Traceback (most recent call last):
  File "/home/cug/thesis/blockchain-simulations/FloorEstimation/controllers/main.py", line 390, in controlstep
    for module in [erb, rs, rw]:
NameError: name 'erb' is not defined
Traceback (most recent call last):
  File "/home/cug/thesis/blockchain-simulations/FloorEstimation/controllers/main.py", line 390, in controlstep
    for module in [erb, rs, rw]:
NameError: name 'erb' is not defined
Traceback (most recent call last):
  File "/home/cug/thesis/blockchain-simulations/FloorEstimation/controllers/main.py", line 390, in controlstep
    for module in [erb, rs, rw]:
NameError: name 'erb' is not defined
Traceback (most recent call last):
  File "/home/cug/thesis/blockchain-simulations/FloorEstimation/controllers/main.py", line 390, in controlstep
    for module in [erb, rs, rw]:
NameError: name 'erb' is not defined
Traceback (most recent call last):
  File "/home/cug/thesis/blockchain-simulations/FloorEstimation/controllers/main.py", line 390, in controlstep
    for module in [erb, rs, rw]:
NameError: name 'erb' is not defined
Traceback (most recent call last):
  File "/home/cug/thesis/blockchain-simulations/FloorEstimation/controllers/main.py", line 390, in controlstep
    for module in [erb, rs, rw]:
NameError: name 'erb' is not defined
Traceback (most recent call last):
  File "/home/cug/thesis/blockchain-simulations/FloorEstimation/controllers/main.py", line 390, in controlstep
    for module in [erb, rs, rw]:
NameError: name 'erb' is not defined
Traceback (most recent call last):
  File "/home/cug/thesis/blockchain-simulations/FloorEstimation/controllers/main.py", line 390, in controlstep
    for module in [erb, rs, rw]:
NameError: name 'erb' is not defined
Traceback (most recent call last):
  File "/home/cug/thesis/blockchain-simulations/FloorEstimation/controllers/main.py", line 390, in controlstep
    for module in [erb, rs, rw]:
NameError: name 'erb' is not defined
Traceback (most recent call last):
  File "/home/cug/thesis/blockchain-simulations/FloorEstimation/controllers/main.py", line 390, in controlstep
    for module in [erb, rs, rw]:
NameError: name 'erb' is not defined
Traceback (most recent call last):
  File "/home/cug/thesis/blockchain-simulations/FloorEstimation/controllers/main.py", line 390, in controlstep
    for module in [erb, rs, rw]:
NameError: name 'erb' is not defined
Traceback (most recent call last):
  File "/home/cug/thesis/blockchain-simulations/FloorEstimation/controllers/main.py", line 390, in controlstep
    for module in [erb, rs, rw]:
NameError: name 'erb' is not defined
Traceback (most recent call last):
  File "/home/cug/thesis/blockchain-simulations/FloorEstimation/controllers/main.py", line 390, in controlstep
    for module in [erb, rs, rw]:
NameError: name 'erb' is not defined
Traceback (most recent call last):
  File "/home/cug/thesis/blockchain-simulations/FloorEstimation/controllers/main.py", line 390, in controlstep
    for module in [erb, rs, rw]:
NameError: name 'erb' is not defined
Traceback (most recent call last):
  File "/home/cug/thesis/blockchain-simulations/FloorEstimation/controllers/main.py", line 390, in controlstep
    for module in [erb, rs, rw]:
NameError: name 'erb' is not defined
Traceback (most recent call last):
  File "/home/cug/thesis/blockchain-simulations/FloorEstimation/controllers/main.py", line 390, in controlstep
    for module in [erb, rs, rw]:
NameError: name 'erb' is not defined
Traceback (most recent call last):
  File "/home/cug/thesis/blockchain-simulations/FloorEstimation/controllers/main.py", line 390, in controlstep
    for module in [erb, rs, rw]:
NameError: name 'erb' is not defined
Traceback (most recent call last):
  File "/home/cug/thesis/blockchain-simulations/FloorEstimation/controllers/main.py", line 390, in controlstep
    for module in [erb, rs, rw]:
NameError: name 'erb' is not defined
Traceback (most recent call last):
  File "/home/cug/thesis/blockchain-simulations/FloorEstimation/controllers/main.py", line 390, in controlstep
    for module in [erb, rs, rw]:
NameError: name 'erb' is not defined
Traceback (most recent call last):
  File "/home/cug/thesis/blockchain-simulations/FloorEstimation/controllers/main.py", line 390, in controlstep
    for module in [erb, rs, rw]:
NameError: name 'erb' is not defined
Traceback (most recent call last):
  File "/home/cug/thesis/blockchain-simulations/FloorEstimation/controllers/main.py", line 390, in controlstep
    for module in [erb, rs, rw]:
NameError: name 'erb' is not defined
Traceback (most recent call last):
  File "/home/cug/thesis/blockchain-simulations/FloorEstimation/controllers/main.py", line 390, in controlstep
    for module in [erb, rs, rw]:
NameError: name 'erb' is not defined
Traceback (most recent call last):
  File "/home/cug/thesis/blockchain-simulations/FloorEstimation/controllers/main.py", line 390, in controlstep
    for module in [erb, rs, rw]:
NameError: name 'erb' is not defined
Traceback (most recent call last):
  File "/home/cug/thesis/blockchain-simulations/FloorEstimation/controllers/main.py", line 390, in controlstep
    for module in [erb, rs, rw]:
NameError: name 'erb' is not defined
Traceback (most recent call last):
  File "/home/cug/thesis/blockchain-simulations/FloorEstimation/controllers/main.py", line 390, in controlstep
    for module in [erb, rs, rw]:
NameError: name 'erb' is not defined
Traceback (most recent call last):
  File "/home/cug/thesis/blockchain-simulations/FloorEstimation/controllers/main.py", line 390, in controlstep
    for module in [erb, rs, rw]:
NameError: name 'erb' is not defined
Traceback (most recent call last):
  File "/home/cug/thesis/blockchain-simulations/FloorEstimation/controllers/main.py", line 390, in controlstep
    for module in [erb, rs, rw]:
NameError: name 'erb' is not defined
Traceback (most recent call last):
  File "/home/cug/thesis/blockchain-simulations/FloorEstimation/controllers/main.py", line 390, in controlstep
    for module in [erb, rs, rw]:
NameError: name 'erb' is not defined
Traceback (most recent call last):
  File "/home/cug/thesis/blockchain-simulations/FloorEstimation/controllers/main.py", line 390, in controlstep
    for module in [erb, rs, rw]:
NameError: name 'erb' is not defined
Traceback (most recent call last):
  File "/home/cug/thesis/blockchain-simulations/FloorEstimation/controllers/main.py", line 390, in controlstep
    for module in [erb, rs, rw]:
NameError: name 'erb' is not defined
Traceback (most recent call last):
  File "/home/cug/thesis/blockchain-simulations/FloorEstimation/controllers/main.py", line 390, in controlstep
    for module in [erb, rs, rw]:
NameError: name 'erb' is not defined
Traceback (most recent call last):
  File "/home/cug/thesis/blockchain-simulations/FloorEstimation/controllers/main.py", line 390, in controlstep
    for module in [erb, rs, rw]:
NameError: name 'erb' is not defined
Traceback (most recent call last):
  File "/home/cug/thesis/blockchain-simulations/FloorEstimation/controllers/main.py", line 390, in controlstep
    for module in [erb, rs, rw]:
NameError: name 'erb' is not defined
Traceback (most recent call last):
  File "/home/cug/thesis/blockchain-simulations/FloorEstimation/controllers/main.py", line 390, in controlstep
    for module in [erb, rs, rw]:
NameError: name 'erb' is not defined
Traceback (most recent call last):
  File "/home/cug/thesis/blockchain-simulations/FloorEstimation/controllers/main.py", line 390, in controlstep
    for module in [erb, rs, rw]:
NameError: name 'erb' is not defined
Traceback (most recent call last):
  File "/home/cug/thesis/blockchain-simulations/FloorEstimation/controllers/main.py", line 390, in controlstep
    for module in [erb, rs, rw]:
NameError: name 'erb' is not defined
Traceback (most recent call last):
  File "/home/cug/thesis/blockchain-simulations/FloorEstimation/controllers/main.py", line 390, in controlstep
    for module in [erb, rs, rw]:
NameError: name 'erb' is not defined
Traceback (most recent call last):
  File "/home/cug/thesis/blockchain-simulations/FloorEstimation/controllers/main.py", line 390, in controlstep
    for module in [erb, rs, rw]:
NameError: name 'erb' is not defined
Traceback (most recent call last):
  File "/home/cug/thesis/blockchain-simulations/FloorEstimation/controllers/main.py", line 390, in controlstep
    for module in [erb, rs, rw]:
NameError: name 'erb' is not defined
Traceback (most recent call last):
  File "/home/cug/thesis/blockchain-simulations/FloorEstimation/controllers/main.py", line 390, in controlstep
    for module in [erb, rs, rw]:
NameError: name 'erb' is not defined
Traceback (most recent call last):
  File "/home/cug/thesis/blockchain-simulations/FloorEstimation/controllers/main.py", line 390, in controlstep
    for module in [erb, rs, rw]:
NameError: name 'erb' is not defined
Traceback (most recent call last):
  File "/home/cug/thesis/blockchain-simulations/FloorEstimation/controllers/main.py", line 390, in controlstep
    for module in [erb, rs, rw]:
NameError: name 'erb' is not defined
Traceback (most recent call last):
  File "/home/cug/thesis/blockchain-simulations/FloorEstimation/controllers/main.py", line 390, in controlstep
    for module in [erb, rs, rw]:
NameError: name 'erb' is not defined
Traceback (most recent call last):
  File "/home/cug/thesis/blockchain-simulations/FloorEstimation/controllers/main.py", line 390, in controlstep
    for module in [erb, rs, rw]:
NameError: name 'erb' is not defined
Traceback (most recent call last):
  File "/home/cug/thesis/blockchain-simulations/FloorEstimation/controllers/main.py", line 390, in controlstep
    for module in [erb, rs, rw]:
NameError: name 'erb' is not defined
Traceback (most recent call last):
  File "/home/cug/thesis/blockchain-simulations/FloorEstimation/controllers/main.py", line 390, in controlstep
    for module in [erb, rs, rw]:
NameError: name 'erb' is not defined
Traceback (most recent call last):
  File "/home/cug/thesis/blockchain-simulations/FloorEstimation/controllers/main.py", line 390, in controlstep
    for module in [erb, rs, rw]:
NameError: name 'erb' is not defined
Traceback (most recent call last):
  File "/home/cug/thesis/blockchain-simulations/FloorEstimation/controllers/main.py", line 390, in controlstep
    for module in [erb, rs, rw]:
NameError: name 'erb' is not defined
Traceback (most recent call last):
  File "/home/cug/thesis/blockchain-simulations/FloorEstimation/controllers/main.py", line 390, in controlstep
    for module in [erb, rs, rw]:
NameError: name 'erb' is not defined
Traceback (most recent call last):
  File "/home/cug/thesis/blockchain-simulations/FloorEstimation/controllers/main.py", line 390, in controlstep
    for module in [erb, rs, rw]:
NameError: name 'erb' is not defined
Traceback (most recent call last):
  File "/home/cug/thesis/blockchain-simulations/FloorEstimation/controllers/main.py", line 390, in controlstep
    for module in [erb, rs, rw]:
NameError: name 'erb' is not defined
Traceback (most recent call last):
  File "/home/cug/thesis/blockchain-simulations/FloorEstimation/controllers/main.py", line 390, in controlstep
    for module in [erb, rs, rw]:
NameError: name 'erb' is not defined
Traceback (most recent call last):
  File "/home/cug/thesis/blockchain-simulations/FloorEstimation/controllers/main.py", line 390, in controlstep
    for module in [erb, rs, rw]:
NameError: name 'erb' is not defined
Traceback (most recent call last):
  File "/home/cug/thesis/blockchain-simulations/FloorEstimation/controllers/main.py", line 390, in controlstep
    for module in [erb, rs, rw]:
NameError: name 'erb' is not defined
Traceback (most recent call last):
  File "/home/cug/thesis/blockchain-simulations/FloorEstimation/controllers/main.py", line 390, in controlstep
    for module in [erb, rs, rw]:
NameError: name 'erb' is not defined
Traceback (most recent call last):
  File "/home/cug/thesis/blockchain-simulations/FloorEstimation/controllers/main.py", line 390, in controlstep
    for module in [erb, rs, rw]:
NameError: name 'erb' is not defined
Traceback (most recent call last):
  File "/home/cug/thesis/blockchain-simulations/FloorEstimation/controllers/main.py", line 390, in controlstep
    for module in [erb, rs, rw]:
NameError: name 'erb' is not defined
Traceback (most recent call last):
  File "/home/cug/thesis/blockchain-simulations/FloorEstimation/controllers/main.py", line 390, in controlstep
    for module in [erb, rs, rw]:
NameError: name 'erb' is not defined
Traceback (most recent call last):
  File "/home/cug/thesis/blockchain-simulations/FloorEstimation/controllers/main.py", line 390, in controlstep
    for module in [erb, rs, rw]:
NameError: name 'erb' is not defined
Traceback (most recent call last):
  File "/home/cug/thesis/blockchain-simulations/FloorEstimation/controllers/main.py", line 390, in controlstep
    for module in [erb, rs, rw]:
NameError: name 'erb' is not defined
Traceback (most recent call last):
  File "/home/cug/thesis/blockchain-simulations/FloorEstimation/controllers/main.py", line 390, in controlstep
    for module in [erb, rs, rw]:
NameError: name 'erb' is not defined
Traceback (most recent call last):
  File "/home/cug/thesis/blockchain-simulations/FloorEstimation/controllers/main.py", line 390, in controlstep
    for module in [erb, rs, rw]:
NameError: name 'erb' is not defined
Traceback (most recent call last):
  File "/home/cug/thesis/blockchain-simulations/FloorEstimation/controllers/main.py", line 390, in controlstep
    for module in [erb, rs, rw]:
NameError: name 'erb' is not defined
Traceback (most recent call last):
  File "/home/cug/thesis/blockchain-simulations/FloorEstimation/controllers/main.py", line 390, in controlstep
    for module in [erb, rs, rw]:
NameError: name 'erb' is not defined
Traceback (most recent call last):
  File "/home/cug/thesis/blockchain-simulations/FloorEstimation/controllers/main.py", line 390, in controlstep
    for module in [erb, rs, rw]:
NameError: name 'erb' is not defined
Traceback (most recent call last):
  File "/home/cug/thesis/blockchain-simulations/FloorEstimation/controllers/main.py", line 390, in controlstep
    for module in [erb, rs, rw]:
NameError: name 'erb' is not defined
Traceback (most recent call last):
  File "/home/cug/thesis/blockchain-simulations/FloorEstimation/controllers/main.py", line 390, in controlstep
    for module in [erb, rs, rw]:
NameError: name 'erb' is not defined
Traceback (most recent call last):
  File "/home/cug/thesis/blockchain-simulations/FloorEstimation/controllers/main.py", line 390, in controlstep
    for module in [erb, rs, rw]:
NameError: name 'erb' is not defined
Traceback (most recent call last):
  File "/home/cug/thesis/blockchain-simulations/FloorEstimation/controllers/main.py", line 390, in controlstep
    for module in [erb, rs, rw]:
NameError: name 'erb' is not defined
Traceback (most recent call last):
  File "/home/cug/thesis/blockchain-simulations/FloorEstimation/controllers/main.py", line 390, in controlstep
    for module in [erb, rs, rw]:
NameError: name 'erb' is not defined
Traceback (most recent call last):
  File "/home/cug/thesis/blockchain-simulations/FloorEstimation/controllers/main.py", line 390, in controlstep
    for module in [erb, rs, rw]:
NameError: name 'erb' is not defined
Traceback (most recent call last):
  File "/home/cug/thesis/blockchain-simulations/FloorEstimation/controllers/main.py", line 390, in controlstep
    for module in [erb, rs, rw]:
NameError: name 'erb' is not defined
Traceback (most recent call last):
  File "/home/cug/thesis/blockchain-simulations/FloorEstimation/controllers/main.py", line 390, in controlstep
    for module in [erb, rs, rw]:
NameError: name 'erb' is not defined
Traceback (most recent call last):
  File "/home/cug/thesis/blockchain-simulations/FloorEstimation/controllers/main.py", line 390, in controlstep
    for module in [erb, rs, rw]:
NameError: name 'erb' is not defined
Traceback (most recent call last):
  File "/home/cug/thesis/blockchain-simulations/FloorEstimation/controllers/main.py", line 390, in controlstep
    for module in [erb, rs, rw]:
NameError: name 'erb' is not defined
Traceback (most recent call last):
  File "/home/cug/thesis/blockchain-simulations/FloorEstimation/controllers/main.py", line 390, in controlstep
    for module in [erb, rs, rw]:
NameError: name 'erb' is not defined
Traceback (most recent call last):
  File "/home/cug/thesis/blockchain-simulations/FloorEstimation/controllers/main.py", line 390, in controlstep
    for module in [erb, rs, rw]:
NameError: name 'erb' is not defined
Traceback (most recent call last):
  File "/home/cug/thesis/blockchain-simulations/FloorEstimation/controllers/main.py", line 390, in controlstep
    for module in [erb, rs, rw]:
NameError: name 'erb' is not defined
Traceback (most recent call last):
  File "/home/cug/thesis/blockchain-simulations/FloorEstimation/controllers/main.py", line 390, in controlstep
    for module in [erb, rs, rw]:
NameError: name 'erb' is not defined
Traceback (most recent call last):
  File "/home/cug/thesis/blockchain-simulations/FloorEstimation/controllers/main.py", line 390, in controlstep
    for module in [erb, rs, rw]:
NameError: name 'erb' is not defined
Traceback (most recent call last):
  File "/home/cug/thesis/blockchain-simulations/FloorEstimation/controllers/main.py", line 390, in controlstep
    for module in [erb, rs, rw]:
NameError: name 'erb' is not defined
Traceback (most recent call last):
  File "/home/cug/thesis/blockchain-simulations/FloorEstimation/controllers/main.py", line 390, in controlstep
    for module in [erb, rs, rw]:
NameError: name 'erb' is not defined
Traceback (most recent call last):
  File "/home/cug/thesis/blockchain-simulations/FloorEstimation/controllers/main.py", line 390, in controlstep
    for module in [erb, rs, rw]:
NameError: name 'erb' is not defined
Traceback (most recent call last):
  File "/home/cug/thesis/blockchain-simulations/FloorEstimation/controllers/main.py", line 390, in controlstep
    for module in [erb, rs, rw]:
NameError: name 'erb' is not defined
Traceback (most recent call last):
  File "/home/cug/thesis/blockchain-simulations/FloorEstimation/controllers/main.py", line 390, in controlstep
    for module in [erb, rs, rw]:
NameError: name 'erb' is not defined
Traceback (most recent call last):
  File "/home/cug/thesis/blockchain-simulations/FloorEstimation/controllers/main.py", line 390, in controlstep
    for module in [erb, rs, rw]:
NameError: name 'erb' is not defined
Traceback (most recent call last):
  File "/home/cug/thesis/blockchain-simulations/FloorEstimation/controllers/main.py", line 390, in controlstep
    for module in [erb, rs, rw]:
NameError: name 'erb' is not defined
Traceback (most recent call last):
  File "/home/cug/thesis/blockchain-simulations/FloorEstimation/controllers/main.py", line 390, in controlstep
    for module in [erb, rs, rw]:
NameError: name 'erb' is not defined
Traceback (most recent call last):
  File "/home/cug/thesis/blockchain-simulations/FloorEstimation/controllers/main.py", line 390, in controlstep
    for module in [erb, rs, rw]:
NameError: name 'erb' is not defined
Traceback (most recent call last):
  File "/home/cug/thesis/blockchain-simulations/FloorEstimation/controllers/main.py", line 390, in controlstep
    for module in [erb, rs, rw]:
NameError: name 'erb' is not defined
Traceback (most recent call last):
  File "/home/cug/thesis/blockchain-simulations/FloorEstimation/controllers/main.py", line 390, in controlstep
    for module in [erb, rs, rw]:
NameError: name 'erb' is not defined
Traceback (most recent call last):
  File "/home/cug/thesis/blockchain-simulations/FloorEstimation/controllers/main.py", line 390, in controlstep
    for module in [erb, rs, rw]:
NameError: name 'erb' is not defined
Traceback (most recent call last):
  File "/home/cug/thesis/blockchain-simulations/FloorEstimation/controllers/main.py", line 390, in controlstep
    for module in [erb, rs, rw]:
NameError: name 'erb' is not defined
Traceback (most recent call last):
  File "/home/cug/thesis/blockchain-simulations/FloorEstimation/controllers/main.py", line 390, in controlstep
    for module in [erb, rs, rw]:
NameError: name 'erb' is not defined
Traceback (most recent call last):
  File "/home/cug/thesis/blockchain-simulations/FloorEstimation/controllers/main.py", line 390, in controlstep
    for module in [erb, rs, rw]:
NameError: name 'erb' is not defined
Traceback (most recent call last):
  File "/home/cug/thesis/blockchain-simulations/FloorEstimation/controllers/main.py", line 390, in controlstep
    for module in [erb, rs, rw]:
NameError: name 'erb' is not defined
Traceback (most recent call last):
  File "/home/cug/thesis/blockchain-simulations/FloorEstimation/controllers/main.py", line 390, in controlstep
    for module in [erb, rs, rw]:
NameError: name 'erb' is not defined
Traceback (most recent call last):
  File "/home/cug/thesis/blockchain-simulations/FloorEstimation/controllers/main.py", line 390, in controlstep
    for module in [erb, rs, rw]:
NameError: name 'erb' is not defined
Traceback (most recent call last):
  File "/home/cug/thesis/blockchain-simulations/FloorEstimation/controllers/main.py", line 390, in controlstep
    for module in [erb, rs, rw]:
NameError: name 'erb' is not defined
Traceback (most recent call last):
  File "/home/cug/thesis/blockchain-simulations/FloorEstimation/controllers/main.py", line 390, in controlstep
    for module in [erb, rs, rw]:
NameError: name 'erb' is not defined
Traceback (most recent call last):
  File "/home/cug/thesis/blockchain-simulations/FloorEstimation/controllers/main.py", line 390, in controlstep
    for module in [erb, rs, rw]:
NameError: name 'erb' is not defined
Traceback (most recent call last):
  File "/home/cug/thesis/blockchain-simulations/FloorEstimation/controllers/main.py", line 390, in controlstep
    for module in [erb, rs, rw]:
NameError: name 'erb' is not defined
Traceback (most recent call last):
  File "/home/cug/thesis/blockchain-simulations/FloorEstimation/controllers/main.py", line 390, in controlstep
    for module in [erb, rs, rw]:
NameError: name 'erb' is not defined
Traceback (most recent call last):
  File "/home/cug/thesis/blockchain-simulations/FloorEstimation/controllers/main.py", line 390, in controlstep
    for module in [erb, rs, rw]:
NameError: name 'erb' is not defined
Traceback (most recent call last):
  File "/home/cug/thesis/blockchain-simulations/FloorEstimation/controllers/main.py", line 390, in controlstep
    for module in [erb, rs, rw]:
NameError: name 'erb' is not defined
Traceback (most recent call last):
  File "/home/cug/thesis/blockchain-simulations/FloorEstimation/controllers/main.py", line 390, in controlstep
    for module in [erb, rs, rw]:
NameError: name 'erb' is not defined
Traceback (most recent call last):
  File "/home/cug/thesis/blockchain-simulations/FloorEstimation/controllers/main.py", line 390, in controlstep
    for module in [erb, rs, rw]:
NameError: name 'erb' is not defined
Traceback (most recent call last):
  File "/home/cug/thesis/blockchain-simulations/FloorEstimation/controllers/main.py", line 390, in controlstep
    for module in [erb, rs, rw]:
NameError: name 'erb' is not defined
Traceback (most recent call last):
  File "/home/cug/thesis/blockchain-simulations/FloorEstimation/controllers/main.py", line 390, in controlstep
    for module in [erb, rs, rw]:
NameError: name 'erb' is not defined
Traceback (most recent call last):
  File "/home/cug/thesis/blockchain-simulations/FloorEstimation/controllers/main.py", line 390, in controlstep
    for module in [erb, rs, rw]:
NameError: name 'erb' is not defined
Traceback (most recent call last):
  File "/home/cug/thesis/blockchain-simulations/FloorEstimation/controllers/main.py", line 390, in controlstep
    for module in [erb, rs, rw]:
NameError: name 'erb' is not defined
Traceback (most recent call last):
  File "/home/cug/thesis/blockchain-simulations/FloorEstimation/controllers/main.py", line 390, in controlstep
    for module in [erb, rs, rw]:
NameError: name 'erb' is not defined
Traceback (most recent call last):
  File "/home/cug/thesis/blockchain-simulations/FloorEstimation/controllers/main.py", line 390, in controlstep
    for module in [erb, rs, rw]:
NameError: name 'erb' is not defined
Traceback (most recent call last):
  File "/home/cug/thesis/blockchain-simulations/FloorEstimation/controllers/main.py", line 390, in controlstep
    for module in [erb, rs, rw]:
NameError: name 'erb' is not defined
Traceback (most recent call last):
  File "/home/cug/thesis/blockchain-simulations/FloorEstimation/controllers/main.py", line 390, in controlstep
    for module in [erb, rs, rw]:
NameError: name 'erb' is not defined
Traceback (most recent call last):
  File "/home/cug/thesis/blockchain-simulations/FloorEstimation/controllers/main.py", line 390, in controlstep
    for module in [erb, rs, rw]:
NameError: name 'erb' is not defined
Traceback (most recent call last):
  File "/home/cug/thesis/blockchain-simulations/FloorEstimation/controllers/main.py", line 390, in controlstep
    for module in [erb, rs, rw]:
NameError: name 'erb' is not defined
Traceback (most recent call last):
  File "/home/cug/thesis/blockchain-simulations/FloorEstimation/controllers/main.py", line 390, in controlstep
    for module in [erb, rs, rw]:
NameError: name 'erb' is not defined
Traceback (most recent call last):
  File "/home/cug/thesis/blockchain-simulations/FloorEstimation/controllers/main.py", line 390, in controlstep
    for module in [erb, rs, rw]:
NameError: name 'erb' is not defined
Traceback (most recent call last):
  File "/home/cug/thesis/blockchain-simulations/FloorEstimation/controllers/main.py", line 390, in controlstep
    for module in [erb, rs, rw]:
NameError: name 'erb' is not defined
Traceback (most recent call last):
  File "/home/cug/thesis/blockchain-simulations/FloorEstimation/controllers/main.py", line 390, in controlstep
    for module in [erb, rs, rw]:
NameError: name 'erb' is not defined
Traceback (most recent call last):
  File "/home/cug/thesis/blockchain-simulations/FloorEstimation/controllers/main.py", line 390, in controlstep
    for module in [erb, rs, rw]:
NameError: name 'erb' is not defined
Traceback (most recent call last):
  File "/home/cug/thesis/blockchain-simulations/FloorEstimation/controllers/main.py", line 390, in controlstep
    for module in [erb, rs, rw]:
NameError: name 'erb' is not defined
Traceback (most recent call last):
  File "/home/cug/thesis/blockchain-simulations/FloorEstimation/controllers/main.py", line 390, in controlstep
    for module in [erb, rs, rw]:
NameError: name 'erb' is not defined
Traceback (most recent call last):
  File "/home/cug/thesis/blockchain-simulations/FloorEstimation/controllers/main.py", line 390, in controlstep
    for module in [erb, rs, rw]:
NameError: name 'erb' is not defined
Traceback (most recent call last):
  File "/home/cug/thesis/blockchain-simulations/FloorEstimation/controllers/main.py", line 390, in controlstep
    for module in [erb, rs, rw]:
NameError: name 'erb' is not defined
Traceback (most recent call last):
  File "/home/cug/thesis/blockchain-simulations/FloorEstimation/controllers/main.py", line 390, in controlstep
    for module in [erb, rs, rw]:
NameError: name 'erb' is not defined
Traceback (most recent call last):
  File "/home/cug/thesis/blockchain-simulations/FloorEstimation/controllers/main.py", line 390, in controlstep
    for module in [erb, rs, rw]:
NameError: name 'erb' is not defined
Traceback (most recent call last):
  File "/home/cug/thesis/blockchain-simulations/FloorEstimation/controllers/main.py", line 390, in controlstep
    for module in [erb, rs, rw]:
NameError: name 'erb' is not defined
Traceback (most recent call last):
  File "/home/cug/thesis/blockchain-simulations/FloorEstimation/controllers/main.py", line 390, in controlstep
    for module in [erb, rs, rw]:
NameError: name 'erb' is not defined
Traceback (most recent call last):
  File "/home/cug/thesis/blockchain-simulations/FloorEstimation/controllers/main.py", line 390, in controlstep
    for module in [erb, rs, rw]:
NameError: name 'erb' is not defined
Traceback (most recent call last):
  File "/home/cug/thesis/blockchain-simulations/FloorEstimation/controllers/main.py", line 390, in controlstep
    for module in [erb, rs, rw]:
NameError: name 'erb' is not defined
Traceback (most recent call last):
  File "/home/cug/thesis/blockchain-simulations/FloorEstimation/controllers/main.py", line 390, in controlstep
    for module in [erb, rs, rw]:
NameError: name 'erb' is not defined
Traceback (most recent call last):
  File "/home/cug/thesis/blockchain-simulations/FloorEstimation/controllers/main.py", line 390, in controlstep
    for module in [erb, rs, rw]:
NameError: name 'erb' is not defined
Traceback (most recent call last):
  File "/home/cug/thesis/blockchain-simulations/FloorEstimation/controllers/main.py", line 390, in controlstep
    for module in [erb, rs, rw]:
NameError: name 'erb' is not defined
Traceback (most recent call last):
  File "/home/cug/thesis/blockchain-simulations/FloorEstimation/controllers/main.py", line 390, in controlstep
    for module in [erb, rs, rw]:
NameError: name 'erb' is not defined
Traceback (most recent call last):
  File "/home/cug/thesis/blockchain-simulations/FloorEstimation/controllers/main.py", line 390, in controlstep
    for module in [erb, rs, rw]:
NameError: name 'erb' is not defined
Traceback (most recent call last):
  File "/home/cug/thesis/blockchain-simulations/FloorEstimation/controllers/main.py", line 390, in controlstep
    for module in [erb, rs, rw]:
NameError: name 'erb' is not defined
Traceback (most recent call last):
  File "/home/cug/thesis/blockchain-simulations/FloorEstimation/controllers/main.py", line 390, in controlstep
    for module in [erb, rs, rw]:
NameError: name 'erb' is not defined
Traceback (most recent call last):
  File "/home/cug/thesis/blockchain-simulations/FloorEstimation/controllers/main.py", line 390, in controlstep
    for module in [erb, rs, rw]:
NameError: name 'erb' is not defined
Traceback (most recent call last):
  File "/home/cug/thesis/blockchain-simulations/FloorEstimation/controllers/main.py", line 390, in controlstep
    for module in [erb, rs, rw]:
NameError: name 'erb' is not defined
Traceback (most recent call last):
  File "/home/cug/thesis/blockchain-simulations/FloorEstimation/controllers/main.py", line 390, in controlstep
    for module in [erb, rs, rw]:
NameError: name 'erb' is not defined
Traceback (most recent call last):
  File "/home/cug/thesis/blockchain-simulations/FloorEstimation/controllers/main.py", line 390, in controlstep
    for module in [erb, rs, rw]:
NameError: name 'erb' is not defined
Traceback (most recent call last):
  File "/home/cug/thesis/blockchain-simulations/FloorEstimation/controllers/main.py", line 390, in controlstep
    for module in [erb, rs, rw]:
NameError: name 'erb' is not defined
Traceback (most recent call last):
  File "/home/cug/thesis/blockchain-simulations/FloorEstimation/controllers/main.py", line 390, in controlstep
    for module in [erb, rs, rw]:
NameError: name 'erb' is not defined
Traceback (most recent call last):
  File "/home/cug/thesis/blockchain-simulations/FloorEstimation/controllers/main.py", line 390, in controlstep
    for module in [erb, rs, rw]:
NameError: name 'erb' is not defined
Traceback (most recent call last):
  File "/home/cug/thesis/blockchain-simulations/FloorEstimation/controllers/main.py", line 390, in controlstep
    for module in [erb, rs, rw]:
NameError: name 'erb' is not defined
Traceback (most recent call last):
  File "/home/cug/thesis/blockchain-simulations/FloorEstimation/controllers/main.py", line 390, in controlstep
    for module in [erb, rs, rw]:
NameError: name 'erb' is not defined
Traceback (most recent call last):
  File "/home/cug/thesis/blockchain-simulations/FloorEstimation/controllers/main.py", line 390, in controlstep
    for module in [erb, rs, rw]:
NameError: name 'erb' is not defined
Traceback (most recent call last):
  File "/home/cug/thesis/blockchain-simulations/FloorEstimation/controllers/main.py", line 390, in controlstep
    for module in [erb, rs, rw]:
NameError: name 'erb' is not defined
Traceback (most recent call last):
  File "/home/cug/thesis/blockchain-simulations/FloorEstimation/controllers/main.py", line 390, in controlstep
    for module in [erb, rs, rw]:
NameError: name 'erb' is not defined
Traceback (most recent call last):
  File "/home/cug/thesis/blockchain-simulations/FloorEstimation/controllers/main.py", line 390, in controlstep
    for module in [erb, rs, rw]:
NameError: name 'erb' is not defined
Traceback (most recent call last):
  File "/home/cug/thesis/blockchain-simulations/FloorEstimation/controllers/main.py", line 390, in controlstep
    for module in [erb, rs, rw]:
NameError: name 'erb' is not defined
Traceback (most recent call last):
  File "/home/cug/thesis/blockchain-simulations/FloorEstimation/controllers/main.py", line 390, in controlstep
    for module in [erb, rs, rw]:
NameError: name 'erb' is not defined
Traceback (most recent call last):
  File "/home/cug/thesis/blockchain-simulations/FloorEstimation/controllers/main.py", line 390, in controlstep
    for module in [erb, rs, rw]:
NameError: name 'erb' is not defined
Traceback (most recent call last):
  File "/home/cug/thesis/blockchain-simulations/FloorEstimation/controllers/main.py", line 390, in controlstep
    for module in [erb, rs, rw]:
NameError: name 'erb' is not defined
Traceback (most recent call last):
  File "/home/cug/thesis/blockchain-simulations/FloorEstimation/controllers/main.py", line 390, in controlstep
    for module in [erb, rs, rw]:
NameError: name 'erb' is not defined
Traceback (most recent call last):
  File "/home/cug/thesis/blockchain-simulations/FloorEstimation/controllers/main.py", line 390, in controlstep
    for module in [erb, rs, rw]:
NameError: name 'erb' is not defined
Traceback (most recent call last):
  File "/home/cug/thesis/blockchain-simulations/FloorEstimation/controllers/main.py", line 390, in controlstep
    for module in [erb, rs, rw]:
NameError: name 'erb' is not defined
Traceback (most recent call last):
  File "/home/cug/thesis/blockchain-simulations/FloorEstimation/controllers/main.py", line 390, in controlstep
    for module in [erb, rs, rw]:
NameError: name 'erb' is not defined
Traceback (most recent call last):
  File "/home/cug/thesis/blockchain-simulations/FloorEstimation/controllers/main.py", line 390, in controlstep
    for module in [erb, rs, rw]:
NameError: name 'erb' is not defined
Traceback (most recent call last):
  File "/home/cug/thesis/blockchain-simulations/FloorEstimation/controllers/main.py", line 390, in controlstep
    for module in [erb, rs, rw]:
NameError: name 'erb' is not defined
Traceback (most recent call last):
  File "/home/cug/thesis/blockchain-simulations/FloorEstimation/controllers/main.py", line 390, in controlstep
    for module in [erb, rs, rw]:
NameError: name 'erb' is not defined
Traceback (most recent call last):
  File "/home/cug/thesis/blockchain-simulations/FloorEstimation/controllers/main.py", line 390, in controlstep
    for module in [erb, rs, rw]:
NameError: name 'erb' is not defined
Traceback (most recent call last):
  File "/home/cug/thesis/blockchain-simulations/FloorEstimation/controllers/main.py", line 390, in controlstep
    for module in [erb, rs, rw]:
NameError: name 'erb' is not defined
Traceback (most recent call last):
  File "/home/cug/thesis/blockchain-simulations/FloorEstimation/controllers/main.py", line 390, in controlstep
    for module in [erb, rs, rw]:
NameError: name 'erb' is not defined
Traceback (most recent call last):
  File "/home/cug/thesis/blockchain-simulations/FloorEstimation/controllers/main.py", line 390, in controlstep
    for module in [erb, rs, rw]:
NameError: name 'erb' is not defined
Traceback (most recent call last):
  File "/home/cug/thesis/blockchain-simulations/FloorEstimation/controllers/main.py", line 390, in controlstep
    for module in [erb, rs, rw]:
NameError: name 'erb' is not defined
Traceback (most recent call last):
  File "/home/cug/thesis/blockchain-simulations/FloorEstimation/controllers/main.py", line 390, in controlstep
    for module in [erb, rs, rw]:
NameError: name 'erb' is not defined
Traceback (most recent call last):
  File "/home/cug/thesis/blockchain-simulations/FloorEstimation/controllers/main.py", line 390, in controlstep
    for module in [erb, rs, rw]:
NameError: name 'erb' is not defined
Traceback (most recent call last):
  File "/home/cug/thesis/blockchain-simulations/FloorEstimation/controllers/main.py", line 390, in controlstep
    for module in [erb, rs, rw]:
NameError: name 'erb' is not defined
Traceback (most recent call last):
  File "/home/cug/thesis/blockchain-simulations/FloorEstimation/controllers/main.py", line 390, in controlstep
    for module in [erb, rs, rw]:
NameError: name 'erb' is not defined
Traceback (most recent call last):
  File "/home/cug/thesis/blockchain-simulations/FloorEstimation/controllers/main.py", line 390, in controlstep
    for module in [erb, rs, rw]:
NameError: name 'erb' is not defined
Traceback (most recent call last):
  File "/home/cug/thesis/blockchain-simulations/FloorEstimation/controllers/main.py", line 390, in controlstep
    for module in [erb, rs, rw]:
NameError: name 'erb' is not defined
Traceback (most recent call last):
  File "/home/cug/thesis/blockchain-simulations/FloorEstimation/controllers/main.py", line 390, in controlstep
    for module in [erb, rs, rw]:
NameError: name 'erb' is not defined
Traceback (most recent call last):
  File "/home/cug/thesis/blockchain-simulations/FloorEstimation/controllers/main.py", line 390, in controlstep
    for module in [erb, rs, rw]:
NameError: name 'erb' is not defined
Traceback (most recent call last):
  File "/home/cug/thesis/blockchain-simulations/FloorEstimation/controllers/main.py", line 390, in controlstep
    for module in [erb, rs, rw]:
NameError: name 'erb' is not defined
Traceback (most recent call last):
  File "/home/cug/thesis/blockchain-simulations/FloorEstimation/controllers/main.py", line 390, in controlstep
    for module in [erb, rs, rw]:
NameError: name 'erb' is not defined
Traceback (most recent call last):
  File "/home/cug/thesis/blockchain-simulations/FloorEstimation/controllers/main.py", line 390, in controlstep
    for module in [erb, rs, rw]:
NameError: name 'erb' is not defined
Traceback (most recent call last):
  File "/home/cug/thesis/blockchain-simulations/FloorEstimation/controllers/main.py", line 390, in controlstep
    for module in [erb, rs, rw]:
NameError: name 'erb' is not defined
Traceback (most recent call last):
  File "/home/cug/thesis/blockchain-simulations/FloorEstimation/controllers/main.py", line 390, in controlstep
    for module in [erb, rs, rw]:
NameError: name 'erb' is not defined
Traceback (most recent call last):
  File "/home/cug/thesis/blockchain-simulations/FloorEstimation/controllers/main.py", line 390, in controlstep
    for module in [erb, rs, rw]:
NameError: name 'erb' is not defined
Traceback (most recent call last):
  File "/home/cug/thesis/blockchain-simulations/FloorEstimation/controllers/main.py", line 390, in controlstep
    for module in [erb, rs, rw]:
NameError: name 'erb' is not defined
Traceback (most recent call last):
  File "/home/cug/thesis/blockchain-simulations/FloorEstimation/controllers/main.py", line 390, in controlstep
    for module in [erb, rs, rw]:
NameError: name 'erb' is not defined
Traceback (most recent call last):
  File "/home/cug/thesis/blockchain-simulations/FloorEstimation/controllers/main.py", line 390, in controlstep
    for module in [erb, rs, rw]:
NameError: name 'erb' is not defined
Traceback (most recent call last):
  File "/home/cug/thesis/blockchain-simulations/FloorEstimation/controllers/main.py", line 390, in controlstep
    for module in [erb, rs, rw]:
NameError: name 'erb' is not defined
Traceback (most recent call last):
  File "/home/cug/thesis/blockchain-simulations/FloorEstimation/controllers/main.py", line 390, in controlstep
    for module in [erb, rs, rw]:
NameError: name 'erb' is not defined
Traceback (most recent call last):
  File "/home/cug/thesis/blockchain-simulations/FloorEstimation/controllers/main.py", line 390, in controlstep
    for module in [erb, rs, rw]:
NameError: name 'erb' is not defined
Traceback (most recent call last):
  File "/home/cug/thesis/blockchain-simulations/FloorEstimation/controllers/main.py", line 390, in controlstep
    for module in [erb, rs, rw]:
NameError: name 'erb' is not defined
Traceback (most recent call last):
  File "/home/cug/thesis/blockchain-simulations/FloorEstimation/controllers/main.py", line 390, in controlstep
    for module in [erb, rs, rw]:
NameError: name 'erb' is not defined
Traceback (most recent call last):
  File "/home/cug/thesis/blockchain-simulations/FloorEstimation/controllers/main.py", line 390, in controlstep
    for module in [erb, rs, rw]:
NameError: name 'erb' is not defined
Traceback (most recent call last):
  File "/home/cug/thesis/blockchain-simulations/FloorEstimation/controllers/main.py", line 390, in controlstep
    for module in [erb, rs, rw]:
NameError: name 'erb' is not defined
Traceback (most recent call last):
  File "/home/cug/thesis/blockchain-simulations/FloorEstimation/controllers/main.py", line 390, in controlstep
    for module in [erb, rs, rw]:
NameError: name 'erb' is not defined
Traceback (most recent call last):
  File "/home/cug/thesis/blockchain-simulations/FloorEstimation/controllers/main.py", line 390, in controlstep
    for module in [erb, rs, rw]:
NameError: name 'erb' is not defined
Traceback (most recent call last):
  File "/home/cug/thesis/blockchain-simulations/FloorEstimation/controllers/main.py", line 390, in controlstep
    for module in [erb, rs, rw]:
NameError: name 'erb' is not defined
Traceback (most recent call last):
  File "/home/cug/thesis/blockchain-simulations/FloorEstimation/controllers/main.py", line 390, in controlstep
    for module in [erb, rs, rw]:
NameError: name 'erb' is not defined
Traceback (most recent call last):
  File "/home/cug/thesis/blockchain-simulations/FloorEstimation/controllers/main.py", line 390, in controlstep
    for module in [erb, rs, rw]:
NameError: name 'erb' is not defined
Traceback (most recent call last):
  File "/home/cug/thesis/blockchain-simulations/FloorEstimation/controllers/main.py", line 390, in controlstep
    for module in [erb, rs, rw]:
NameError: name 'erb' is not defined
Traceback (most recent call last):
  File "/home/cug/thesis/blockchain-simulations/FloorEstimation/controllers/main.py", line 390, in controlstep
    for module in [erb, rs, rw]:
NameError: name 'erb' is not defined
Traceback (most recent call last):
  File "/home/cug/thesis/blockchain-simulations/FloorEstimation/controllers/main.py", line 390, in controlstep
    for module in [erb, rs, rw]:
NameError: name 'erb' is not defined
Traceback (most recent call last):
  File "/home/cug/thesis/blockchain-simulations/FloorEstimation/controllers/main.py", line 390, in controlstep
    for module in [erb, rs, rw]:
NameError: name 'erb' is not defined
Traceback (most recent call last):
  File "/home/cug/thesis/blockchain-simulations/FloorEstimation/controllers/main.py", line 390, in controlstep
    for module in [erb, rs, rw]:
NameError: name 'erb' is not defined
Traceback (most recent call last):
  File "/home/cug/thesis/blockchain-simulations/FloorEstimation/controllers/main.py", line 390, in controlstep
    for module in [erb, rs, rw]:
NameError: name 'erb' is not defined
Traceback (most recent call last):
  File "/home/cug/thesis/blockchain-simulations/FloorEstimation/controllers/main.py", line 390, in controlstep
    for module in [erb, rs, rw]:
NameError: name 'erb' is not defined
Traceback (most recent call last):
  File "/home/cug/thesis/blockchain-simulations/FloorEstimation/controllers/main.py", line 390, in controlstep
    for module in [erb, rs, rw]:
NameError: name 'erb' is not defined
Traceback (most recent call last):
  File "/home/cug/thesis/blockchain-simulations/FloorEstimation/controllers/main.py", line 390, in controlstep
    for module in [erb, rs, rw]:
NameError: name 'erb' is not defined
Traceback (most recent call last):
  File "/home/cug/thesis/blockchain-simulations/FloorEstimation/controllers/main.py", line 390, in controlstep
    for module in [erb, rs, rw]:
NameError: name 'erb' is not defined
Traceback (most recent call last):
  File "/home/cug/thesis/blockchain-simulations/FloorEstimation/controllers/main.py", line 390, in controlstep
    for module in [erb, rs, rw]:
NameError: name 'erb' is not defined
Traceback (most recent call last):
  File "/home/cug/thesis/blockchain-simulations/FloorEstimation/controllers/main.py", line 390, in controlstep
    for module in [erb, rs, rw]:
NameError: name 'erb' is not defined
Traceback (most recent call last):
  File "/home/cug/thesis/blockchain-simulations/FloorEstimation/controllers/main.py", line 390, in controlstep
    for module in [erb, rs, rw]:
NameError: name 'erb' is not defined
Traceback (most recent call last):
  File "/home/cug/thesis/blockchain-simulations/FloorEstimation/controllers/main.py", line 390, in controlstep
    for module in [erb, rs, rw]:
NameError: name 'erb' is not defined
Traceback (most recent call last):
  File "/home/cug/thesis/blockchain-simulations/FloorEstimation/controllers/main.py", line 390, in controlstep
    for module in [erb, rs, rw]:
NameError: name 'erb' is not defined
Traceback (most recent call last):
  File "/home/cug/thesis/blockchain-simulations/FloorEstimation/controllers/main.py", line 390, in controlstep
    for module in [erb, rs, rw]:
NameError: name 'erb' is not defined
Traceback (most recent call last):
  File "/home/cug/thesis/blockchain-simulations/FloorEstimation/controllers/main.py", line 390, in controlstep
    for module in [erb, rs, rw]:
NameError: name 'erb' is not defined
Traceback (most recent call last):
  File "/home/cug/thesis/blockchain-simulations/FloorEstimation/controllers/main.py", line 390, in controlstep
    for module in [erb, rs, rw]:
NameError: name 'erb' is not defined
Traceback (most recent call last):
  File "/home/cug/thesis/blockchain-simulations/FloorEstimation/controllers/main.py", line 390, in controlstep
    for module in [erb, rs, rw]:
NameError: name 'erb' is not defined
Traceback (most recent call last):
  File "/home/cug/thesis/blockchain-simulations/FloorEstimation/controllers/main.py", line 390, in controlstep
    for module in [erb, rs, rw]:
NameError: name 'erb' is not defined
Traceback (most recent call last):
  File "/home/cug/thesis/blockchain-simulations/FloorEstimation/controllers/main.py", line 390, in controlstep
    for module in [erb, rs, rw]:
NameError: name 'erb' is not defined
Traceback (most recent call last):
  File "/home/cug/thesis/blockchain-simulations/FloorEstimation/controllers/main.py", line 390, in controlstep
    for module in [erb, rs, rw]:
NameError: name 'erb' is not defined
Traceback (most recent call last):
  File "/home/cug/thesis/blockchain-simulations/FloorEstimation/controllers/main.py", line 390, in controlstep
    for module in [erb, rs, rw]:
NameError: name 'erb' is not defined
Traceback (most recent call last):
  File "/home/cug/thesis/blockchain-simulations/FloorEstimation/controllers/main.py", line 390, in controlstep
    for module in [erb, rs, rw]:
NameError: name 'erb' is not defined
Traceback (most recent call last):
  File "/home/cug/thesis/blockchain-simulations/FloorEstimation/controllers/main.py", line 390, in controlstep
    for module in [erb, rs, rw]:
NameError: name 'erb' is not defined
Traceback (most recent call last):
  File "/home/cug/thesis/blockchain-simulations/FloorEstimation/controllers/main.py", line 390, in controlstep
    for module in [erb, rs, rw]:
NameError: name 'erb' is not defined
Traceback (most recent call last):
  File "/home/cug/thesis/blockchain-simulations/FloorEstimation/controllers/main.py", line 390, in controlstep
    for module in [erb, rs, rw]:
NameError: name 'erb' is not defined
Traceback (most recent call last):
  File "/home/cug/thesis/blockchain-simulations/FloorEstimation/controllers/main.py", line 390, in controlstep
    for module in [erb, rs, rw]:
NameError: name 'erb' is not defined
Traceback (most recent call last):
  File "/home/cug/thesis/blockchain-simulations/FloorEstimation/controllers/main.py", line 390, in controlstep
    for module in [erb, rs, rw]:
NameError: name 'erb' is not defined
Traceback (most recent call last):
  File "/home/cug/thesis/blockchain-simulations/FloorEstimation/controllers/main.py", line 390, in controlstep
    for module in [erb, rs, rw]:
NameError: name 'erb' is not defined
Traceback (most recent call last):
  File "/home/cug/thesis/blockchain-simulations/FloorEstimation/controllers/main.py", line 390, in controlstep
    for module in [erb, rs, rw]:
NameError: name 'erb' is not defined
Traceback (most recent call last):
  File "/home/cug/thesis/blockchain-simulations/FloorEstimation/controllers/main.py", line 390, in controlstep
    for module in [erb, rs, rw]:
NameError: name 'erb' is not defined
Traceback (most recent call last):
  File "/home/cug/thesis/blockchain-simulations/FloorEstimation/controllers/main.py", line 390, in controlstep
    for module in [erb, rs, rw]:
NameError: name 'erb' is not defined
Traceback (most recent call last):
  File "/home/cug/thesis/blockchain-simulations/FloorEstimation/controllers/main.py", line 390, in controlstep
    for module in [erb, rs, rw]:
NameError: name 'erb' is not defined
Traceback (most recent call last):
  File "/home/cug/thesis/blockchain-simulations/FloorEstimation/controllers/main.py", line 390, in controlstep
    for module in [erb, rs, rw]:
NameError: name 'erb' is not defined
Traceback (most recent call last):
  File "/home/cug/thesis/blockchain-simulations/FloorEstimation/controllers/main.py", line 390, in controlstep
    for module in [erb, rs, rw]:
NameError: name 'erb' is not defined
Traceback (most recent call last):
  File "/home/cug/thesis/blockchain-simulations/FloorEstimation/controllers/main.py", line 390, in controlstep
    for module in [erb, rs, rw]:
NameError: name 'erb' is not defined
Traceback (most recent call last):
  File "/home/cug/thesis/blockchain-simulations/FloorEstimation/controllers/main.py", line 390, in controlstep
    for module in [erb, rs, rw]:
NameError: name 'erb' is not defined
Traceback (most recent call last):
  File "/home/cug/thesis/blockchain-simulations/FloorEstimation/controllers/main.py", line 390, in controlstep
    for module in [erb, rs, rw]:
NameError: name 'erb' is not defined
Traceback (most recent call last):
  File "/home/cug/thesis/blockchain-simulations/FloorEstimation/controllers/main.py", line 390, in controlstep
    for module in [erb, rs, rw]:
NameError: name 'erb' is not defined
Traceback (most recent call last):
  File "/home/cug/thesis/blockchain-simulations/FloorEstimation/controllers/main.py", line 390, in controlstep
    for module in [erb, rs, rw]:
NameError: name 'erb' is not defined
Traceback (most recent call last):
  File "/home/cug/thesis/blockchain-simulations/FloorEstimation/controllers/main.py", line 390, in controlstep
    for module in [erb, rs, rw]:
NameError: name 'erb' is not defined
Traceback (most recent call last):
  File "/home/cug/thesis/blockchain-simulations/FloorEstimation/controllers/main.py", line 390, in controlstep
    for module in [erb, rs, rw]:
NameError: name 'erb' is not defined
Traceback (most recent call last):
  File "/home/cug/thesis/blockchain-simulations/FloorEstimation/controllers/main.py", line 390, in controlstep
    for module in [erb, rs, rw]:
NameError: name 'erb' is not defined
Traceback (most recent call last):
  File "/home/cug/thesis/blockchain-simulations/FloorEstimation/controllers/main.py", line 390, in controlstep
    for module in [erb, rs, rw]:
NameError: name 'erb' is not defined
Traceback (most recent call last):
  File "/home/cug/thesis/blockchain-simulations/FloorEstimation/controllers/main.py", line 390, in controlstep
    for module in [erb, rs, rw]:
NameError: name 'erb' is not defined
Traceback (most recent call last):
  File "/home/cug/thesis/blockchain-simulations/FloorEstimation/controllers/main.py", line 390, in controlstep
    for module in [erb, rs, rw]:
NameError: name 'erb' is not defined
Traceback (most recent call last):
  File "/home/cug/thesis/blockchain-simulations/FloorEstimation/controllers/main.py", line 390, in controlstep
    for module in [erb, rs, rw]:
NameError: name 'erb' is not defined
Traceback (most recent call last):
  File "/home/cug/thesis/blockchain-simulations/FloorEstimation/controllers/main.py", line 390, in controlstep
    for module in [erb, rs, rw]:
NameError: name 'erb' is not defined
Traceback (most recent call last):
  File "/home/cug/thesis/blockchain-simulations/FloorEstimation/controllers/main.py", line 390, in controlstep
    for module in [erb, rs, rw]:
NameError: name 'erb' is not defined
Traceback (most recent call last):
  File "/home/cug/thesis/blockchain-simulations/FloorEstimation/controllers/main.py", line 390, in controlstep
    for module in [erb, rs, rw]:
NameError: name 'erb' is not defined
Traceback (most recent call last):
  File "/home/cug/thesis/blockchain-simulations/FloorEstimation/controllers/main.py", line 390, in controlstep
    for module in [erb, rs, rw]:
NameError: name 'erb' is not defined
Traceback (most recent call last):
  File "/home/cug/thesis/blockchain-simulations/FloorEstimation/controllers/main.py", line 390, in controlstep
    for module in [erb, rs, rw]:
NameError: name 'erb' is not defined
Traceback (most recent call last):
  File "/home/cug/thesis/blockchain-simulations/FloorEstimation/controllers/main.py", line 390, in controlstep
    for module in [erb, rs, rw]:
NameError: name 'erb' is not defined
Traceback (most recent call last):
  File "/home/cug/thesis/blockchain-simulations/FloorEstimation/controllers/main.py", line 390, in controlstep
    for module in [erb, rs, rw]:
NameError: name 'erb' is not defined
Traceback (most recent call last):
  File "/home/cug/thesis/blockchain-simulations/FloorEstimation/controllers/main.py", line 390, in controlstep
    for module in [erb, rs, rw]:
NameError: name 'erb' is not defined
Traceback (most recent call last):
  File "/home/cug/thesis/blockchain-simulations/FloorEstimation/controllers/main.py", line 390, in controlstep
    for module in [erb, rs, rw]:
NameError: name 'erb' is not defined
Traceback (most recent call last):
  File "/home/cug/thesis/blockchain-simulations/FloorEstimation/controllers/main.py", line 390, in controlstep
    for module in [erb, rs, rw]:
NameError: name 'erb' is not defined
Traceback (most recent call last):
  File "/home/cug/thesis/blockchain-simulations/FloorEstimation/controllers/main.py", line 390, in controlstep
    for module in [erb, rs, rw]:
NameError: name 'erb' is not defined
Traceback (most recent call last):
  File "/home/cug/thesis/blockchain-simulations/FloorEstimation/controllers/main.py", line 390, in controlstep
    for module in [erb, rs, rw]:
NameError: name 'erb' is not defined
Traceback (most recent call last):
  File "/home/cug/thesis/blockchain-simulations/FloorEstimation/controllers/main.py", line 390, in controlstep
    for module in [erb, rs, rw]:
NameError: name 'erb' is not defined
Traceback (most recent call last):
  File "/home/cug/thesis/blockchain-simulations/FloorEstimation/controllers/main.py", line 390, in controlstep
    for module in [erb, rs, rw]:
NameError: name 'erb' is not defined
Traceback (most recent call last):
  File "/home/cug/thesis/blockchain-simulations/FloorEstimation/controllers/main.py", line 390, in controlstep
    for module in [erb, rs, rw]:
NameError: name 'erb' is not defined
Traceback (most recent call last):
  File "/home/cug/thesis/blockchain-simulations/FloorEstimation/controllers/main.py", line 390, in controlstep
    for module in [erb, rs, rw]:
NameError: name 'erb' is not defined
Traceback (most recent call last):
  File "/home/cug/thesis/blockchain-simulations/FloorEstimation/controllers/main.py", line 390, in controlstep
    for module in [erb, rs, rw]:
NameError: name 'erb' is not defined
Traceback (most recent call last):
  File "/home/cug/thesis/blockchain-simulations/FloorEstimation/controllers/main.py", line 390, in controlstep
    for module in [erb, rs, rw]:
NameError: name 'erb' is not defined
Traceback (most recent call last):
  File "/home/cug/thesis/blockchain-simulations/FloorEstimation/controllers/main.py", line 390, in controlstep
    for module in [erb, rs, rw]:
NameError: name 'erb' is not defined
Traceback (most recent call last):
  File "/home/cug/thesis/blockchain-simulations/FloorEstimation/controllers/main.py", line 390, in controlstep
    for module in [erb, rs, rw]:
NameError: name 'erb' is not defined
Traceback (most recent call last):
  File "/home/cug/thesis/blockchain-simulations/FloorEstimation/controllers/main.py", line 390, in controlstep
    for module in [erb, rs, rw]:
NameError: name 'erb' is not defined
Traceback (most recent call last):
  File "/home/cug/thesis/blockchain-simulations/FloorEstimation/controllers/main.py", line 390, in controlstep
    for module in [erb, rs, rw]:
NameError: name 'erb' is not defined
Traceback (most recent call last):
  File "/home/cug/thesis/blockchain-simulations/FloorEstimation/controllers/main.py", line 390, in controlstep
    for module in [erb, rs, rw]:
NameError: name 'erb' is not defined
Traceback (most recent call last):
  File "/home/cug/thesis/blockchain-simulations/FloorEstimation/controllers/main.py", line 390, in controlstep
    for module in [erb, rs, rw]:
NameError: name 'erb' is not defined
Traceback (most recent call last):
  File "/home/cug/thesis/blockchain-simulations/FloorEstimation/controllers/main.py", line 390, in controlstep
    for module in [erb, rs, rw]:
NameError: name 'erb' is not defined
Traceback (most recent call last):
  File "/home/cug/thesis/blockchain-simulations/FloorEstimation/controllers/main.py", line 390, in controlstep
    for module in [erb, rs, rw]:
NameError: name 'erb' is not defined
Traceback (most recent call last):
  File "/home/cug/thesis/blockchain-simulations/FloorEstimation/controllers/main.py", line 390, in controlstep
    for module in [erb, rs, rw]:
NameError: name 'erb' is not defined
Traceback (most recent call last):
  File "/home/cug/thesis/blockchain-simulations/FloorEstimation/controllers/main.py", line 390, in controlstep
    for module in [erb, rs, rw]:
NameError: name 'erb' is not defined
Traceback (most recent call last):
  File "/home/cug/thesis/blockchain-simulations/FloorEstimation/controllers/main.py", line 390, in controlstep
    for module in [erb, rs, rw]:
NameError: name 'erb' is not defined
Traceback (most recent call last):
  File "/home/cug/thesis/blockchain-simulations/FloorEstimation/controllers/main.py", line 390, in controlstep
    for module in [erb, rs, rw]:
NameError: name 'erb' is not defined
Traceback (most recent call last):
  File "/home/cug/thesis/blockchain-simulations/FloorEstimation/controllers/main.py", line 390, in controlstep
    for module in [erb, rs, rw]:
NameError: name 'erb' is not defined
Traceback (most recent call last):
  File "/home/cug/thesis/blockchain-simulations/FloorEstimation/controllers/main.py", line 390, in controlstep
    for module in [erb, rs, rw]:
NameError: name 'erb' is not defined
Traceback (most recent call last):
  File "/home/cug/thesis/blockchain-simulations/FloorEstimation/controllers/main.py", line 390, in controlstep
    for module in [erb, rs, rw]:
NameError: name 'erb' is not defined
Traceback (most recent call last):
  File "/home/cug/thesis/blockchain-simulations/FloorEstimation/controllers/main.py", line 390, in controlstep
    for module in [erb, rs, rw]:
NameError: name 'erb' is not defined
Traceback (most recent call last):
  File "/home/cug/thesis/blockchain-simulations/FloorEstimation/controllers/main.py", line 390, in controlstep
    for module in [erb, rs, rw]:
NameError: name 'erb' is not defined
Traceback (most recent call last):
  File "/home/cug/thesis/blockchain-simulations/FloorEstimation/controllers/main.py", line 390, in controlstep
    for module in [erb, rs, rw]:
NameError: name 'erb' is not defined
Traceback (most recent call last):
  File "/home/cug/thesis/blockchain-simulations/FloorEstimation/controllers/main.py", line 390, in controlstep
    for module in [erb, rs, rw]:
NameError: name 'erb' is not defined
Traceback (most recent call last):
  File "/home/cug/thesis/blockchain-simulations/FloorEstimation/controllers/main.py", line 390, in controlstep
    for module in [erb, rs, rw]:
NameError: name 'erb' is not defined
Traceback (most recent call last):
  File "/home/cug/thesis/blockchain-simulations/FloorEstimation/controllers/main.py", line 390, in controlstep
    for module in [erb, rs, rw]:
NameError: name 'erb' is not defined
Traceback (most recent call last):
  File "/home/cug/thesis/blockchain-simulations/FloorEstimation/controllers/main.py", line 390, in controlstep
    for module in [erb, rs, rw]:
NameError: name 'erb' is not defined
Traceback (most recent call last):
  File "/home/cug/thesis/blockchain-simulations/FloorEstimation/controllers/main.py", line 390, in controlstep
    for module in [erb, rs, rw]:
NameError: name 'erb' is not defined
Traceback (most recent call last):
  File "/home/cug/thesis/blockchain-simulations/FloorEstimation/controllers/main.py", line 390, in controlstep
    for module in [erb, rs, rw]:
NameError: name 'erb' is not defined
Traceback (most recent call last):
  File "/home/cug/thesis/blockchain-simulations/FloorEstimation/controllers/main.py", line 390, in controlstep
    for module in [erb, rs, rw]:
NameError: name 'erb' is not defined
Traceback (most recent call last):
  File "/home/cug/thesis/blockchain-simulations/FloorEstimation/controllers/main.py", line 390, in controlstep
    for module in [erb, rs, rw]:
NameError: name 'erb' is not defined
Traceback (most recent call last):
  File "/home/cug/thesis/blockchain-simulations/FloorEstimation/controllers/main.py", line 390, in controlstep
    for module in [erb, rs, rw]:
NameError: name 'erb' is not defined
Traceback (most recent call last):
  File "/home/cug/thesis/blockchain-simulations/FloorEstimation/controllers/main.py", line 390, in controlstep
    for module in [erb, rs, rw]:
NameError: name 'erb' is not defined
Traceback (most recent call last):
  File "/home/cug/thesis/blockchain-simulations/FloorEstimation/controllers/main.py", line 390, in controlstep
    for module in [erb, rs, rw]:
NameError: name 'erb' is not defined
Traceback (most recent call last):
  File "/home/cug/thesis/blockchain-simulations/FloorEstimation/controllers/main.py", line 390, in controlstep
    for module in [erb, rs, rw]:
NameError: name 'erb' is not defined
Traceback (most recent call last):
  File "/home/cug/thesis/blockchain-simulations/FloorEstimation/controllers/main.py", line 390, in controlstep
    for module in [erb, rs, rw]:
NameError: name 'erb' is not defined
Traceback (most recent call last):
  File "/home/cug/thesis/blockchain-simulations/FloorEstimation/controllers/main.py", line 390, in controlstep
    for module in [erb, rs, rw]:
NameError: name 'erb' is not defined
Traceback (most recent call last):
  File "/home/cug/thesis/blockchain-simulations/FloorEstimation/controllers/main.py", line 390, in controlstep
    for module in [erb, rs, rw]:
NameError: name 'erb' is not defined
Traceback (most recent call last):
  File "/home/cug/thesis/blockchain-simulations/FloorEstimation/controllers/main.py", line 390, in controlstep
    for module in [erb, rs, rw]:
NameError: name 'erb' is not defined
Traceback (most recent call last):
  File "/home/cug/thesis/blockchain-simulations/FloorEstimation/controllers/main.py", line 390, in controlstep
    for module in [erb, rs, rw]:
NameError: name 'erb' is not defined
Traceback (most recent call last):
  File "/home/cug/thesis/blockchain-simulations/FloorEstimation/controllers/main.py", line 390, in controlstep
    for module in [erb, rs, rw]:
NameError: name 'erb' is not defined
Traceback (most recent call last):
  File "/home/cug/thesis/blockchain-simulations/FloorEstimation/controllers/main.py", line 390, in controlstep
    for module in [erb, rs, rw]:
NameError: name 'erb' is not defined
Traceback (most recent call last):
  File "/home/cug/thesis/blockchain-simulations/FloorEstimation/controllers/main.py", line 390, in controlstep
    for module in [erb, rs, rw]:
NameError: name 'erb' is not defined
Traceback (most recent call last):
  File "/home/cug/thesis/blockchain-simulations/FloorEstimation/controllers/main.py", line 390, in controlstep
    for module in [erb, rs, rw]:
NameError: name 'erb' is not defined
Traceback (most recent call last):
  File "/home/cug/thesis/blockchain-simulations/FloorEstimation/controllers/main.py", line 390, in controlstep
    for module in [erb, rs, rw]:
NameError: name 'erb' is not defined
Traceback (most recent call last):
  File "/home/cug/thesis/blockchain-simulations/FloorEstimation/controllers/main.py", line 390, in controlstep
    for module in [erb, rs, rw]:
NameError: name 'erb' is not defined
Traceback (most recent call last):
  File "/home/cug/thesis/blockchain-simulations/FloorEstimation/controllers/main.py", line 390, in controlstep
    for module in [erb, rs, rw]:
NameError: name 'erb' is not defined
Traceback (most recent call last):
  File "/home/cug/thesis/blockchain-simulations/FloorEstimation/controllers/main.py", line 390, in controlstep
    for module in [erb, rs, rw]:
NameError: name 'erb' is not defined
Traceback (most recent call last):
  File "/home/cug/thesis/blockchain-simulations/FloorEstimation/controllers/main.py", line 390, in controlstep
    for module in [erb, rs, rw]:
NameError: name 'erb' is not defined
Traceback (most recent call last):
  File "/home/cug/thesis/blockchain-simulations/FloorEstimation/controllers/main.py", line 390, in controlstep
    for module in [erb, rs, rw]:
NameError: name 'erb' is not defined
Traceback (most recent call last):
  File "/home/cug/thesis/blockchain-simulations/FloorEstimation/controllers/main.py", line 390, in controlstep
    for module in [erb, rs, rw]:
NameError: name 'erb' is not defined
Traceback (most recent call last):
  File "/home/cug/thesis/blockchain-simulations/FloorEstimation/controllers/main.py", line 390, in controlstep
    for module in [erb, rs, rw]:
NameError: name 'erb' is not defined
Traceback (most recent call last):
  File "/home/cug/thesis/blockchain-simulations/FloorEstimation/controllers/main.py", line 390, in controlstep
    for module in [erb, rs, rw]:
NameError: name 'erb' is not defined
Traceback (most recent call last):
  File "/home/cug/thesis/blockchain-simulations/FloorEstimation/controllers/main.py", line 390, in controlstep
    for module in [erb, rs, rw]:
NameError: name 'erb' is not defined
Traceback (most recent call last):
  File "/home/cug/thesis/blockchain-simulations/FloorEstimation/controllers/main.py", line 390, in controlstep
    for module in [erb, rs, rw]:
NameError: name 'erb' is not defined
Traceback (most recent call last):
  File "/home/cug/thesis/blockchain-simulations/FloorEstimation/controllers/main.py", line 390, in controlstep
    for module in [erb, rs, rw]:
NameError: name 'erb' is not defined
Traceback (most recent call last):
  File "/home/cug/thesis/blockchain-simulations/FloorEstimation/controllers/main.py", line 390, in controlstep
    for module in [erb, rs, rw]:
NameError: name 'erb' is not defined
Traceback (most recent call last):
  File "/home/cug/thesis/blockchain-simulations/FloorEstimation/controllers/main.py", line 390, in controlstep
    for module in [erb, rs, rw]:
NameError: name 'erb' is not defined
Traceback (most recent call last):
  File "/home/cug/thesis/blockchain-simulations/FloorEstimation/controllers/main.py", line 390, in controlstep
    for module in [erb, rs, rw]:
NameError: name 'erb' is not defined
Traceback (most recent call last):
  File "/home/cug/thesis/blockchain-simulations/FloorEstimation/controllers/main.py", line 390, in controlstep
    for module in [erb, rs, rw]:
NameError: name 'erb' is not defined
Traceback (most recent call last):
  File "/home/cug/thesis/blockchain-simulations/FloorEstimation/controllers/main.py", line 390, in controlstep
    for module in [erb, rs, rw]:
NameError: name 'erb' is not defined
Traceback (most recent call last):
  File "/home/cug/thesis/blockchain-simulations/FloorEstimation/controllers/main.py", line 390, in controlstep
    for module in [erb, rs, rw]:
NameError: name 'erb' is not defined
Traceback (most recent call last):
  File "/home/cug/thesis/blockchain-simulations/FloorEstimation/controllers/main.py", line 390, in controlstep
    for module in [erb, rs, rw]:
NameError: name 'erb' is not defined
Traceback (most recent call last):
  File "/home/cug/thesis/blockchain-simulations/FloorEstimation/controllers/main.py", line 390, in controlstep
    for module in [erb, rs, rw]:
NameError: name 'erb' is not defined
Traceback (most recent call last):
  File "/home/cug/thesis/blockchain-simulations/FloorEstimation/controllers/main.py", line 390, in controlstep
    for module in [erb, rs, rw]:
NameError: name 'erb' is not defined
Traceback (most recent call last):
  File "/home/cug/thesis/blockchain-simulations/FloorEstimation/controllers/main.py", line 390, in controlstep
    for module in [erb, rs, rw]:
NameError: name 'erb' is not defined
Traceback (most recent call last):
  File "/home/cug/thesis/blockchain-simulations/FloorEstimation/controllers/main.py", line 390, in controlstep
    for module in [erb, rs, rw]:
NameError: name 'erb' is not defined
Traceback (most recent call last):
  File "/home/cug/thesis/blockchain-simulations/FloorEstimation/controllers/main.py", line 390, in controlstep
    for module in [erb, rs, rw]:
NameError: name 'erb' is not defined
Traceback (most recent call last):
  File "/home/cug/thesis/blockchain-simulations/FloorEstimation/controllers/main.py", line 390, in controlstep
    for module in [erb, rs, rw]:
NameError: name 'erb' is not defined
Traceback (most recent call last):
  File "/home/cug/thesis/blockchain-simulations/FloorEstimation/controllers/main.py", line 390, in controlstep
    for module in [erb, rs, rw]:
NameError: name 'erb' is not defined
Traceback (most recent call last):
  File "/home/cug/thesis/blockchain-simulations/FloorEstimation/controllers/main.py", line 390, in controlstep
    for module in [erb, rs, rw]:
NameError: name 'erb' is not defined
Traceback (most recent call last):
  File "/home/cug/thesis/blockchain-simulations/FloorEstimation/controllers/main.py", line 390, in controlstep
    for module in [erb, rs, rw]:
NameError: name 'erb' is not defined
Traceback (most recent call last):
  File "/home/cug/thesis/blockchain-simulations/FloorEstimation/controllers/main.py", line 390, in controlstep
    for module in [erb, rs, rw]:
NameError: name 'erb' is not defined
Traceback (most recent call last):
  File "/home/cug/thesis/blockchain-simulations/FloorEstimation/controllers/main.py", line 390, in controlstep
    for module in [erb, rs, rw]:
NameError: name 'erb' is not defined
Traceback (most recent call last):
  File "/home/cug/thesis/blockchain-simulations/FloorEstimation/controllers/main.py", line 390, in controlstep
    for module in [erb, rs, rw]:
NameError: name 'erb' is not defined
Traceback (most recent call last):
  File "/home/cug/thesis/blockchain-simulations/FloorEstimation/controllers/main.py", line 390, in controlstep
    for module in [erb, rs, rw]:
NameError: name 'erb' is not defined
Traceback (most recent call last):
  File "/home/cug/thesis/blockchain-simulations/FloorEstimation/controllers/main.py", line 390, in controlstep
    for module in [erb, rs, rw]:
NameError: name 'erb' is not defined
Traceback (most recent call last):
  File "/home/cug/thesis/blockchain-simulations/FloorEstimation/controllers/main.py", line 390, in controlstep
    for module in [erb, rs, rw]:
NameError: name 'erb' is not defined
Traceback (most recent call last):
  File "/home/cug/thesis/blockchain-simulations/FloorEstimation/controllers/main.py", line 390, in controlstep
    for module in [erb, rs, rw]:
NameError: name 'erb' is not defined
Traceback (most recent call last):
  File "/home/cug/thesis/blockchain-simulations/FloorEstimation/controllers/main.py", line 390, in controlstep
    for module in [erb, rs, rw]:
NameError: name 'erb' is not defined
Traceback (most recent call last):
  File "/home/cug/thesis/blockchain-simulations/FloorEstimation/controllers/main.py", line 390, in controlstep
    for module in [erb, rs, rw]:
NameError: name 'erb' is not defined
Traceback (most recent call last):
  File "/home/cug/thesis/blockchain-simulations/FloorEstimation/controllers/main.py", line 390, in controlstep
    for module in [erb, rs, rw]:
NameError: name 'erb' is not defined
Traceback (most recent call last):
  File "/home/cug/thesis/blockchain-simulations/FloorEstimation/controllers/main.py", line 390, in controlstep
    for module in [erb, rs, rw]:
NameError: name 'erb' is not defined
Traceback (most recent call last):
  File "/home/cug/thesis/blockchain-simulations/FloorEstimation/controllers/main.py", line 390, in controlstep
    for module in [erb, rs, rw]:
NameError: name 'erb' is not defined
Traceback (most recent call last):
  File "/home/cug/thesis/blockchain-simulations/FloorEstimation/controllers/main.py", line 390, in controlstep
    for module in [erb, rs, rw]:
NameError: name 'erb' is not defined
Traceback (most recent call last):
  File "/home/cug/thesis/blockchain-simulations/FloorEstimation/controllers/main.py", line 390, in controlstep
    for module in [erb, rs, rw]:
NameError: name 'erb' is not defined
Traceback (most recent call last):
  File "/home/cug/thesis/blockchain-simulations/FloorEstimation/controllers/main.py", line 390, in controlstep
    for module in [erb, rs, rw]:
NameError: name 'erb' is not defined
Traceback (most recent call last):
  File "/home/cug/thesis/blockchain-simulations/FloorEstimation/controllers/main.py", line 390, in controlstep
    for module in [erb, rs, rw]:
NameError: name 'erb' is not defined
Traceback (most recent call last):
  File "/home/cug/thesis/blockchain-simulations/FloorEstimation/controllers/main.py", line 390, in controlstep
    for module in [erb, rs, rw]:
NameError: name 'erb' is not defined
Traceback (most recent call last):
  File "/home/cug/thesis/blockchain-simulations/FloorEstimation/controllers/main.py", line 390, in controlstep
    for module in [erb, rs, rw]:
NameError: name 'erb' is not defined
Traceback (most recent call last):
  File "/home/cug/thesis/blockchain-simulations/FloorEstimation/controllers/main.py", line 390, in controlstep
    for module in [erb, rs, rw]:
NameError: name 'erb' is not defined
Traceback (most recent call last):
  File "/home/cug/thesis/blockchain-simulations/FloorEstimation/controllers/main.py", line 390, in controlstep
    for module in [erb, rs, rw]:
NameError: name 'erb' is not defined
Traceback (most recent call last):
  File "/home/cug/thesis/blockchain-simulations/FloorEstimation/controllers/main.py", line 390, in controlstep
    for module in [erb, rs, rw]:
NameError: name 'erb' is not defined
Traceback (most recent call last):
  File "/home/cug/thesis/blockchain-simulations/FloorEstimation/controllers/main.py", line 390, in controlstep
    for module in [erb, rs, rw]:
NameError: name 'erb' is not defined
Traceback (most recent call last):
  File "/home/cug/thesis/blockchain-simulations/FloorEstimation/controllers/main.py", line 390, in controlstep
    for module in [erb, rs, rw]:
NameError: name 'erb' is not defined
Traceback (most recent call last):
  File "/home/cug/thesis/blockchain-simulations/FloorEstimation/controllers/main.py", line 390, in controlstep
    for module in [erb, rs, rw]:
NameError: name 'erb' is not defined
Traceback (most recent call last):
  File "/home/cug/thesis/blockchain-simulations/FloorEstimation/controllers/main.py", line 390, in controlstep
    for module in [erb, rs, rw]:
NameError: name 'erb' is not defined
Traceback (most recent call last):
  File "/home/cug/thesis/blockchain-simulations/FloorEstimation/controllers/main.py", line 390, in controlstep
    for module in [erb, rs, rw]:
NameError: name 'erb' is not defined
Traceback (most recent call last):
  File "/home/cug/thesis/blockchain-simulations/FloorEstimation/controllers/main.py", line 390, in controlstep
    for module in [erb, rs, rw]:
NameError: name 'erb' is not defined
Traceback (most recent call last):
  File "/home/cug/thesis/blockchain-simulations/FloorEstimation/controllers/main.py", line 390, in controlstep
    for module in [erb, rs, rw]:
NameError: name 'erb' is not defined
Traceback (most recent call last):
  File "/home/cug/thesis/blockchain-simulations/FloorEstimation/controllers/main.py", line 390, in controlstep
    for module in [erb, rs, rw]:
NameError: name 'erb' is not defined
Traceback (most recent call last):
  File "/home/cug/thesis/blockchain-simulations/FloorEstimation/controllers/main.py", line 390, in controlstep
    for module in [erb, rs, rw]:
NameError: name 'erb' is not defined
Traceback (most recent call last):
  File "/home/cug/thesis/blockchain-simulations/FloorEstimation/controllers/main.py", line 390, in controlstep
    for module in [erb, rs, rw]:
NameError: name 'erb' is not defined
Traceback (most recent call last):
  File "/home/cug/thesis/blockchain-simulations/FloorEstimation/controllers/main.py", line 390, in controlstep
    for module in [erb, rs, rw]:
NameError: name 'erb' is not defined
Traceback (most recent call last):
  File "/home/cug/thesis/blockchain-simulations/FloorEstimation/controllers/main.py", line 390, in controlstep
    for module in [erb, rs, rw]:
NameError: name 'erb' is not defined
Traceback (most recent call last):
  File "/home/cug/thesis/blockchain-simulations/FloorEstimation/controllers/main.py", line 390, in controlstep
    for module in [erb, rs, rw]:
NameError: name 'erb' is not defined
Traceback (most recent call last):
  File "/home/cug/thesis/blockchain-simulations/FloorEstimation/controllers/main.py", line 390, in controlstep
    for module in [erb, rs, rw]:
NameError: name 'erb' is not defined
Traceback (most recent call last):
  File "/home/cug/thesis/blockchain-simulations/FloorEstimation/controllers/main.py", line 390, in controlstep
    for module in [erb, rs, rw]:
NameError: name 'erb' is not defined
Traceback (most recent call last):
  File "/home/cug/thesis/blockchain-simulations/FloorEstimation/controllers/main.py", line 390, in controlstep
    for module in [erb, rs, rw]:
NameError: name 'erb' is not defined
Traceback (most recent call last):
  File "/home/cug/thesis/blockchain-simulations/FloorEstimation/controllers/main.py", line 390, in controlstep
    for module in [erb, rs, rw]:
NameError: name 'erb' is not defined
Traceback (most recent call last):
  File "/home/cug/thesis/blockchain-simulations/FloorEstimation/controllers/main.py", line 390, in controlstep
    for module in [erb, rs, rw]:
NameError: name 'erb' is not defined
Traceback (most recent call last):
  File "/home/cug/thesis/blockchain-simulations/FloorEstimation/controllers/main.py", line 390, in controlstep
    for module in [erb, rs, rw]:
NameError: name 'erb' is not defined
Traceback (most recent call last):
  File "/home/cug/thesis/blockchain-simulations/FloorEstimation/controllers/main.py", line 390, in controlstep
    for module in [erb, rs, rw]:
NameError: name 'erb' is not defined
Traceback (most recent call last):
  File "/home/cug/thesis/blockchain-simulations/FloorEstimation/controllers/main.py", line 390, in controlstep
    for module in [erb, rs, rw]:
NameError: name 'erb' is not defined
Traceback (most recent call last):
  File "/home/cug/thesis/blockchain-simulations/FloorEstimation/controllers/main.py", line 390, in controlstep
    for module in [erb, rs, rw]:
NameError: name 'erb' is not defined
Traceback (most recent call last):
  File "/home/cug/thesis/blockchain-simulations/FloorEstimation/controllers/main.py", line 390, in controlstep
    for module in [erb, rs, rw]:
NameError: name 'erb' is not defined
Traceback (most recent call last):
  File "/home/cug/thesis/blockchain-simulations/FloorEstimation/controllers/main.py", line 390, in controlstep
    for module in [erb, rs, rw]:
NameError: name 'erb' is not defined
Traceback (most recent call last):
  File "/home/cug/thesis/blockchain-simulations/FloorEstimation/controllers/main.py", line 390, in controlstep
    for module in [erb, rs, rw]:
NameError: name 'erb' is not defined
Traceback (most recent call last):
  File "/home/cug/thesis/blockchain-simulations/FloorEstimation/controllers/main.py", line 390, in controlstep
    for module in [erb, rs, rw]:
NameError: name 'erb' is not defined
Traceback (most recent call last):
  File "/home/cug/thesis/blockchain-simulations/FloorEstimation/controllers/main.py", line 390, in controlstep
    for module in [erb, rs, rw]:
NameError: name 'erb' is not defined
Traceback (most recent call last):
  File "/home/cug/thesis/blockchain-simulations/FloorEstimation/controllers/main.py", line 390, in controlstep
    for module in [erb, rs, rw]:
NameError: name 'erb' is not defined
Traceback (most recent call last):
  File "/home/cug/thesis/blockchain-simulations/FloorEstimation/controllers/main.py", line 390, in controlstep
    for module in [erb, rs, rw]:
NameError: name 'erb' is not defined
Traceback (most recent call last):
  File "/home/cug/thesis/blockchain-simulations/FloorEstimation/controllers/main.py", line 390, in controlstep
    for module in [erb, rs, rw]:
NameError: name 'erb' is not defined
Traceback (most recent call last):
  File "/home/cug/thesis/blockchain-simulations/FloorEstimation/controllers/main.py", line 390, in controlstep
    for module in [erb, rs, rw]:
NameError: name 'erb' is not defined
Traceback (most recent call last):
  File "/home/cug/thesis/blockchain-simulations/FloorEstimation/controllers/main.py", line 390, in controlstep
    for module in [erb, rs, rw]:
NameError: name 'erb' is not defined
Traceback (most recent call last):
  File "/home/cug/thesis/blockchain-simulations/FloorEstimation/controllers/main.py", line 390, in controlstep
    for module in [erb, rs, rw]:
NameError: name 'erb' is not defined
Traceback (most recent call last):
  File "/home/cug/thesis/blockchain-simulations/FloorEstimation/controllers/main.py", line 390, in controlstep
    for module in [erb, rs, rw]:
NameError: name 'erb' is not defined
Traceback (most recent call last):
  File "/home/cug/thesis/blockchain-simulations/FloorEstimation/controllers/main.py", line 390, in controlstep
    for module in [erb, rs, rw]:
NameError: name 'erb' is not defined
Traceback (most recent call last):
  File "/home/cug/thesis/blockchain-simulations/FloorEstimation/controllers/main.py", line 390, in controlstep
    for module in [erb, rs, rw]:
NameError: name 'erb' is not defined
Traceback (most recent call last):
  File "/home/cug/thesis/blockchain-simulations/FloorEstimation/controllers/main.py", line 390, in controlstep
    for module in [erb, rs, rw]:
NameError: name 'erb' is not defined
Traceback (most recent call last):
  File "/home/cug/thesis/blockchain-simulations/FloorEstimation/controllers/main.py", line 390, in controlstep
    for module in [erb, rs, rw]:
NameError: name 'erb' is not defined
Traceback (most recent call last):
  File "/home/cug/thesis/blockchain-simulations/FloorEstimation/controllers/main.py", line 390, in controlstep
    for module in [erb, rs, rw]:
NameError: name 'erb' is not defined
Traceback (most recent call last):
  File "/home/cug/thesis/blockchain-simulations/FloorEstimation/controllers/main.py", line 390, in controlstep
    for module in [erb, rs, rw]:
NameError: name 'erb' is not defined
Traceback (most recent call last):
  File "/home/cug/thesis/blockchain-simulations/FloorEstimation/controllers/main.py", line 390, in controlstep
    for module in [erb, rs, rw]:
NameError: name 'erb' is not defined
Traceback (most recent call last):
  File "/home/cug/thesis/blockchain-simulations/FloorEstimation/controllers/main.py", line 390, in controlstep
    for module in [erb, rs, rw]:
NameError: name 'erb' is not defined
Traceback (most recent call last):
  File "/home/cug/thesis/blockchain-simulations/FloorEstimation/controllers/main.py", line 390, in controlstep
    for module in [erb, rs, rw]:
NameError: name 'erb' is not defined
Traceback (most recent call last):
  File "/home/cug/thesis/blockchain-simulations/FloorEstimation/controllers/main.py", line 390, in controlstep
    for module in [erb, rs, rw]:
NameError: name 'erb' is not defined
Traceback (most recent call last):
  File "/home/cug/thesis/blockchain-simulations/FloorEstimation/controllers/main.py", line 390, in controlstep
    for module in [erb, rs, rw]:
NameError: name 'erb' is not defined
Traceback (most recent call last):
  File "/home/cug/thesis/blockchain-simulations/FloorEstimation/controllers/main.py", line 390, in controlstep
    for module in [erb, rs, rw]:
NameError: name 'erb' is not defined
Traceback (most recent call last):
  File "/home/cug/thesis/blockchain-simulations/FloorEstimation/controllers/main.py", line 390, in controlstep
    for module in [erb, rs, rw]:
NameError: name 'erb' is not defined
Traceback (most recent call last):
  File "/home/cug/thesis/blockchain-simulations/FloorEstimation/controllers/main.py", line 390, in controlstep
    for module in [erb, rs, rw]:
NameError: name 'erb' is not defined
Traceback (most recent call last):
  File "/home/cug/thesis/blockchain-simulations/FloorEstimation/controllers/main.py", line 390, in controlstep
    for module in [erb, rs, rw]:
NameError: name 'erb' is not defined
Traceback (most recent call last):
  File "/home/cug/thesis/blockchain-simulations/FloorEstimation/controllers/main.py", line 390, in controlstep
    for module in [erb, rs, rw]:
NameError: name 'erb' is not defined
Traceback (most recent call last):
  File "/home/cug/thesis/blockchain-simulations/FloorEstimation/controllers/main.py", line 390, in controlstep
    for module in [erb, rs, rw]:
NameError: name 'erb' is not defined
Traceback (most recent call last):
  File "/home/cug/thesis/blockchain-simulations/FloorEstimation/controllers/main.py", line 390, in controlstep
    for module in [erb, rs, rw]:
NameError: name 'erb' is not defined
Traceback (most recent call last):
  File "/home/cug/thesis/blockchain-simulations/FloorEstimation/controllers/main.py", line 390, in controlstep
    for module in [erb, rs, rw]:
NameError: name 'erb' is not defined
Traceback (most recent call last):
  File "/home/cug/thesis/blockchain-simulations/FloorEstimation/controllers/main.py", line 390, in controlstep
    for module in [erb, rs, rw]:
NameError: name 'erb' is not defined
Traceback (most recent call last):
  File "/home/cug/thesis/blockchain-simulations/FloorEstimation/controllers/main.py", line 390, in controlstep
    for module in [erb, rs, rw]:
NameError: name 'erb' is not defined
Traceback (most recent call last):
  File "/home/cug/thesis/blockchain-simulations/FloorEstimation/controllers/main.py", line 390, in controlstep
    for module in [erb, rs, rw]:
NameError: name 'erb' is not defined
Traceback (most recent call last):
  File "/home/cug/thesis/blockchain-simulations/FloorEstimation/controllers/main.py", line 390, in controlstep
    for module in [erb, rs, rw]:
NameError: name 'erb' is not defined
Traceback (most recent call last):
  File "/home/cug/thesis/blockchain-simulations/FloorEstimation/controllers/main.py", line 390, in controlstep
    for module in [erb, rs, rw]:
NameError: name 'erb' is not defined
Traceback (most recent call last):
  File "/home/cug/thesis/blockchain-simulations/FloorEstimation/controllers/main.py", line 390, in controlstep
    for module in [erb, rs, rw]:
NameError: name 'erb' is not defined
Traceback (most recent call last):
  File "/home/cug/thesis/blockchain-simulations/FloorEstimation/controllers/main.py", line 390, in controlstep
    for module in [erb, rs, rw]:
NameError: name 'erb' is not defined
Traceback (most recent call last):
  File "/home/cug/thesis/blockchain-simulations/FloorEstimation/controllers/main.py", line 390, in controlstep
    for module in [erb, rs, rw]:
NameError: name 'erb' is not defined
Traceback (most recent call last):
  File "/home/cug/thesis/blockchain-simulations/FloorEstimation/controllers/main.py", line 390, in controlstep
    for module in [erb, rs, rw]:
NameError: name 'erb' is not defined
Traceback (most recent call last):
  File "/home/cug/thesis/blockchain-simulations/FloorEstimation/controllers/main.py", line 390, in controlstep
    for module in [erb, rs, rw]:
NameError: name 'erb' is not defined
Traceback (most recent call last):
  File "/home/cug/thesis/blockchain-simulations/FloorEstimation/controllers/main.py", line 390, in controlstep
    for module in [erb, rs, rw]:
NameError: name 'erb' is not defined
Traceback (most recent call last):
  File "/home/cug/thesis/blockchain-simulations/FloorEstimation/controllers/main.py", line 390, in controlstep
    for module in [erb, rs, rw]:
NameError: name 'erb' is not defined
Traceback (most recent call last):
  File "/home/cug/thesis/blockchain-simulations/FloorEstimation/controllers/main.py", line 390, in controlstep
    for module in [erb, rs, rw]:
NameError: name 'erb' is not defined
Traceback (most recent call last):
  File "/home/cug/thesis/blockchain-simulations/FloorEstimation/controllers/main.py", line 390, in controlstep
    for module in [erb, rs, rw]:
NameError: name 'erb' is not defined
Traceback (most recent call last):
  File "/home/cug/thesis/blockchain-simulations/FloorEstimation/controllers/main.py", line 390, in controlstep
    for module in [erb, rs, rw]:
NameError: name 'erb' is not defined
Traceback (most recent call last):
  File "/home/cug/thesis/blockchain-simulations/FloorEstimation/controllers/main.py", line 390, in controlstep
    for module in [erb, rs, rw]:
NameError: name 'erb' is not defined
Traceback (most recent call last):
  File "/home/cug/thesis/blockchain-simulations/FloorEstimation/controllers/main.py", line 390, in controlstep
    for module in [erb, rs, rw]:
NameError: name 'erb' is not defined
Traceback (most recent call last):
  File "/home/cug/thesis/blockchain-simulations/FloorEstimation/controllers/main.py", line 390, in controlstep
    for module in [erb, rs, rw]:
NameError: name 'erb' is not defined
Traceback (most recent call last):
  File "/home/cug/thesis/blockchain-simulations/FloorEstimation/controllers/main.py", line 390, in controlstep
    for module in [erb, rs, rw]:
NameError: name 'erb' is not defined
Traceback (most recent call last):
  File "/home/cug/thesis/blockchain-simulations/FloorEstimation/controllers/main.py", line 390, in controlstep
    for module in [erb, rs, rw]:
NameError: name 'erb' is not defined
Traceback (most recent call last):
  File "/home/cug/thesis/blockchain-simulations/FloorEstimation/controllers/main.py", line 390, in controlstep
    for module in [erb, rs, rw]:
NameError: name 'erb' is not defined
Traceback (most recent call last):
  File "/home/cug/thesis/blockchain-simulations/FloorEstimation/controllers/main.py", line 390, in controlstep
    for module in [erb, rs, rw]:
NameError: name 'erb' is not defined
Traceback (most recent call last):
  File "/home/cug/thesis/blockchain-simulations/FloorEstimation/controllers/main.py", line 390, in controlstep
    for module in [erb, rs, rw]:
NameError: name 'erb' is not defined
Traceback (most recent call last):
  File "/home/cug/thesis/blockchain-simulations/FloorEstimation/controllers/main.py", line 390, in controlstep
    for module in [erb, rs, rw]:
NameError: name 'erb' is not defined
Traceback (most recent call last):
  File "/home/cug/thesis/blockchain-simulations/FloorEstimation/controllers/main.py", line 390, in controlstep
    for module in [erb, rs, rw]:
NameError: name 'erb' is not defined
Traceback (most recent call last):
  File "/home/cug/thesis/blockchain-simulations/FloorEstimation/controllers/main.py", line 390, in controlstep
    for module in [erb, rs, rw]:
NameError: name 'erb' is not defined
Traceback (most recent call last):
  File "/home/cug/thesis/blockchain-simulations/FloorEstimation/controllers/main.py", line 390, in controlstep
    for module in [erb, rs, rw]:
NameError: name 'erb' is not defined
Traceback (most recent call last):
  File "/home/cug/thesis/blockchain-simulations/FloorEstimation/controllers/main.py", line 390, in controlstep
    for module in [erb, rs, rw]:
NameError: name 'erb' is not defined
Traceback (most recent call last):
  File "/home/cug/thesis/blockchain-simulations/FloorEstimation/controllers/main.py", line 390, in controlstep
    for module in [erb, rs, rw]:
NameError: name 'erb' is not defined
Traceback (most recent call last):
  File "/home/cug/thesis/blockchain-simulations/FloorEstimation/controllers/main.py", line 390, in controlstep
    for module in [erb, rs, rw]:
NameError: name 'erb' is not defined
Traceback (most recent call last):
  File "/home/cug/thesis/blockchain-simulations/FloorEstimation/controllers/main.py", line 390, in controlstep
    for module in [erb, rs, rw]:
NameError: name 'erb' is not defined
Traceback (most recent call last):
  File "/home/cug/thesis/blockchain-simulations/FloorEstimation/controllers/main.py", line 390, in controlstep
    for module in [erb, rs, rw]:
NameError: name 'erb' is not defined
Traceback (most recent call last):
  File "/home/cug/thesis/blockchain-simulations/FloorEstimation/controllers/main.py", line 390, in controlstep
    for module in [erb, rs, rw]:
NameError: name 'erb' is not defined
Traceback (most recent call last):
  File "/home/cug/thesis/blockchain-simulations/FloorEstimation/controllers/main.py", line 390, in controlstep
    for module in [erb, rs, rw]:
NameError: name 'erb' is not defined
Traceback (most recent call last):
  File "/home/cug/thesis/blockchain-simulations/FloorEstimation/controllers/main.py", line 390, in controlstep
    for module in [erb, rs, rw]:
NameError: name 'erb' is not defined
Traceback (most recent call last):
  File "/home/cug/thesis/blockchain-simulations/FloorEstimation/controllers/main.py", line 390, in controlstep
    for module in [erb, rs, rw]:
NameError: name 'erb' is not defined
Traceback (most recent call last):
  File "/home/cug/thesis/blockchain-simulations/FloorEstimation/controllers/main.py", line 390, in controlstep
    for module in [erb, rs, rw]:
NameError: name 'erb' is not defined
Traceback (most recent call last):
  File "/home/cug/thesis/blockchain-simulations/FloorEstimation/controllers/main.py", line 390, in controlstep
    for module in [erb, rs, rw]:
NameError: name 'erb' is not defined
Traceback (most recent call last):
  File "/home/cug/thesis/blockchain-simulations/FloorEstimation/controllers/main.py", line 390, in controlstep
    for module in [erb, rs, rw]:
NameError: name 'erb' is not defined
Traceback (most recent call last):
  File "/home/cug/thesis/blockchain-simulations/FloorEstimation/controllers/main.py", line 390, in controlstep
    for module in [erb, rs, rw]:
NameError: name 'erb' is not defined
Traceback (most recent call last):
  File "/home/cug/thesis/blockchain-simulations/FloorEstimation/controllers/main.py", line 390, in controlstep
    for module in [erb, rs, rw]:
NameError: name 'erb' is not defined
Traceback (most recent call last):
  File "/home/cug/thesis/blockchain-simulations/FloorEstimation/controllers/main.py", line 390, in controlstep
    for module in [erb, rs, rw]:
NameError: name 'erb' is not defined
Traceback (most recent call last):
  File "/home/cug/thesis/blockchain-simulations/FloorEstimation/controllers/main.py", line 390, in controlstep
    for module in [erb, rs, rw]:
NameError: name 'erb' is not defined
Traceback (most recent call last):
  File "/home/cug/thesis/blockchain-simulations/FloorEstimation/controllers/main.py", line 390, in controlstep
    for module in [erb, rs, rw]:
NameError: name 'erb' is not defined
Traceback (most recent call last):
  File "/home/cug/thesis/blockchain-simulations/FloorEstimation/controllers/main.py", line 390, in controlstep
    for module in [erb, rs, rw]:
NameError: name 'erb' is not defined
Traceback (most recent call last):
  File "/home/cug/thesis/blockchain-simulations/FloorEstimation/controllers/main.py", line 390, in controlstep
    for module in [erb, rs, rw]:
NameError: name 'erb' is not defined
Traceback (most recent call last):
  File "/home/cug/thesis/blockchain-simulations/FloorEstimation/controllers/main.py", line 390, in controlstep
    for module in [erb, rs, rw]:
NameError: name 'erb' is not defined
Traceback (most recent call last):
  File "/home/cug/thesis/blockchain-simulations/FloorEstimation/controllers/main.py", line 390, in controlstep
    for module in [erb, rs, rw]:
NameError: name 'erb' is not defined
Traceback (most recent call last):
  File "/home/cug/thesis/blockchain-simulations/FloorEstimation/controllers/main.py", line 390, in controlstep
    for module in [erb, rs, rw]:
NameError: name 'erb' is not defined
Traceback (most recent call last):
  File "/home/cug/thesis/blockchain-simulations/FloorEstimation/controllers/main.py", line 390, in controlstep
    for module in [erb, rs, rw]:
NameError: name 'erb' is not defined
Traceback (most recent call last):
  File "/home/cug/thesis/blockchain-simulations/FloorEstimation/controllers/main.py", line 390, in controlstep
    for module in [erb, rs, rw]:
NameError: name 'erb' is not defined
Traceback (most recent call last):
  File "/home/cug/thesis/blockchain-simulations/FloorEstimation/controllers/main.py", line 390, in controlstep
    for module in [erb, rs, rw]:
NameError: name 'erb' is not defined
Traceback (most recent call last):
  File "/home/cug/thesis/blockchain-simulations/FloorEstimation/controllers/main.py", line 390, in controlstep
    for module in [erb, rs, rw]:
NameError: name 'erb' is not defined
Traceback (most recent call last):
  File "/home/cug/thesis/blockchain-simulations/FloorEstimation/controllers/main.py", line 390, in controlstep
    for module in [erb, rs, rw]:
NameError: name 'erb' is not defined
Traceback (most recent call last):
  File "/home/cug/thesis/blockchain-simulations/FloorEstimation/controllers/main.py", line 390, in controlstep
    for module in [erb, rs, rw]:
NameError: name 'erb' is not defined
Traceback (most recent call last):
  File "/home/cug/thesis/blockchain-simulations/FloorEstimation/controllers/main.py", line 390, in controlstep
    for module in [erb, rs, rw]:
NameError: name 'erb' is not defined
Traceback (most recent call last):
  File "/home/cug/thesis/blockchain-simulations/FloorEstimation/controllers/main.py", line 390, in controlstep
    for module in [erb, rs, rw]:
NameError: name 'erb' is not defined
Traceback (most recent call last):
  File "/home/cug/thesis/blockchain-simulations/FloorEstimation/controllers/main.py", line 390, in controlstep
    for module in [erb, rs, rw]:
NameError: name 'erb' is not defined
Traceback (most recent call last):
  File "/home/cug/thesis/blockchain-simulations/FloorEstimation/controllers/main.py", line 390, in controlstep
    for module in [erb, rs, rw]:
NameError: name 'erb' is not defined
Traceback (most recent call last):
  File "/home/cug/thesis/blockchain-simulations/FloorEstimation/controllers/main.py", line 390, in controlstep
    for module in [erb, rs, rw]:
NameError: name 'erb' is not defined
Traceback (most recent call last):
  File "/home/cug/thesis/blockchain-simulations/FloorEstimation/controllers/main.py", line 390, in controlstep
    for module in [erb, rs, rw]:
NameError: name 'erb' is not defined
Traceback (most recent call last):
  File "/home/cug/thesis/blockchain-simulations/FloorEstimation/controllers/main.py", line 390, in controlstep
    for module in [erb, rs, rw]:
NameError: name 'erb' is not defined
Traceback (most recent call last):
  File "/home/cug/thesis/blockchain-simulations/FloorEstimation/controllers/main.py", line 390, in controlstep
    for module in [erb, rs, rw]:
NameError: name 'erb' is not defined
Traceback (most recent call last):
  File "/home/cug/thesis/blockchain-simulations/FloorEstimation/controllers/main.py", line 390, in controlstep
    for module in [erb, rs, rw]:
NameError: name 'erb' is not defined
Traceback (most recent call last):
  File "/home/cug/thesis/blockchain-simulations/FloorEstimation/controllers/main.py", line 390, in controlstep
    for module in [erb, rs, rw]:
NameError: name 'erb' is not defined
Traceback (most recent call last):
  File "/home/cug/thesis/blockchain-simulations/FloorEstimation/controllers/main.py", line 390, in controlstep
    for module in [erb, rs, rw]:
NameError: name 'erb' is not defined
Traceback (most recent call last):
  File "/home/cug/thesis/blockchain-simulations/FloorEstimation/controllers/main.py", line 390, in controlstep
    for module in [erb, rs, rw]:
NameError: name 'erb' is not defined
Traceback (most recent call last):
  File "/home/cug/thesis/blockchain-simulations/FloorEstimation/controllers/main.py", line 390, in controlstep
    for module in [erb, rs, rw]:
NameError: name 'erb' is not defined
Traceback (most recent call last):
  File "/home/cug/thesis/blockchain-simulations/FloorEstimation/controllers/main.py", line 390, in controlstep
    for module in [erb, rs, rw]:
NameError: name 'erb' is not defined
Traceback (most recent call last):
  File "/home/cug/thesis/blockchain-simulations/FloorEstimation/controllers/main.py", line 390, in controlstep
    for module in [erb, rs, rw]:
NameError: name 'erb' is not defined
Traceback (most recent call last):
  File "/home/cug/thesis/blockchain-simulations/FloorEstimation/controllers/main.py", line 390, in controlstep
    for module in [erb, rs, rw]:
NameError: name 'erb' is not defined
Traceback (most recent call last):
  File "/home/cug/thesis/blockchain-simulations/FloorEstimation/controllers/main.py", line 390, in controlstep
    for module in [erb, rs, rw]:
NameError: name 'erb' is not defined
Traceback (most recent call last):
  File "/home/cug/thesis/blockchain-simulations/FloorEstimation/controllers/main.py", line 390, in controlstep
    for module in [erb, rs, rw]:
NameError: name 'erb' is not defined
Traceback (most recent call last):
  File "/home/cug/thesis/blockchain-simulations/FloorEstimation/controllers/main.py", line 390, in controlstep
    for module in [erb, rs, rw]:
NameError: name 'erb' is not defined
Traceback (most recent call last):
  File "/home/cug/thesis/blockchain-simulations/FloorEstimation/controllers/main.py", line 390, in controlstep
    for module in [erb, rs, rw]:
NameError: name 'erb' is not defined
Traceback (most recent call last):
  File "/home/cug/thesis/blockchain-simulations/FloorEstimation/controllers/main.py", line 390, in controlstep
    for module in [erb, rs, rw]:
NameError: name 'erb' is not defined
Traceback (most recent call last):
  File "/home/cug/thesis/blockchain-simulations/FloorEstimation/controllers/main.py", line 390, in controlstep
    for module in [erb, rs, rw]:
NameError: name 'erb' is not defined
Traceback (most recent call last):
  File "/home/cug/thesis/blockchain-simulations/FloorEstimation/controllers/main.py", line 390, in controlstep
    for module in [erb, rs, rw]:
NameError: name 'erb' is not defined
Traceback (most recent call last):
  File "/home/cug/thesis/blockchain-simulations/FloorEstimation/controllers/main.py", line 390, in controlstep
    for module in [erb, rs, rw]:
NameError: name 'erb' is not defined
Traceback (most recent call last):
  File "/home/cug/thesis/blockchain-simulations/FloorEstimation/controllers/main.py", line 390, in controlstep
    for module in [erb, rs, rw]:
NameError: name 'erb' is not defined
Traceback (most recent call last):
  File "/home/cug/thesis/blockchain-simulations/FloorEstimation/controllers/main.py", line 390, in controlstep
    for module in [erb, rs, rw]:
NameError: name 'erb' is not defined
Traceback (most recent call last):
  File "/home/cug/thesis/blockchain-simulations/FloorEstimation/controllers/main.py", line 390, in controlstep
    for module in [erb, rs, rw]:
NameError: name 'erb' is not defined
Traceback (most recent call last):
  File "/home/cug/thesis/blockchain-simulations/FloorEstimation/controllers/main.py", line 390, in controlstep
    for module in [erb, rs, rw]:
NameError: name 'erb' is not defined
Traceback (most recent call last):
  File "/home/cug/thesis/blockchain-simulations/FloorEstimation/controllers/main.py", line 390, in controlstep
    for module in [erb, rs, rw]:
NameError: name 'erb' is not defined
Traceback (most recent call last):
  File "/home/cug/thesis/blockchain-simulations/FloorEstimation/controllers/main.py", line 390, in controlstep
    for module in [erb, rs, rw]:
NameError: name 'erb' is not defined
Traceback (most recent call last):
  File "/home/cug/thesis/blockchain-simulations/FloorEstimation/controllers/main.py", line 390, in controlstep
    for module in [erb, rs, rw]:
NameError: name 'erb' is not defined
Traceback (most recent call last):
  File "/home/cug/thesis/blockchain-simulations/FloorEstimation/controllers/main.py", line 390, in controlstep
    for module in [erb, rs, rw]:
NameError: name 'erb' is not defined
Traceback (most recent call last):
  File "/home/cug/thesis/blockchain-simulations/FloorEstimation/controllers/main.py", line 390, in controlstep
    for module in [erb, rs, rw]:
NameError: name 'erb' is not defined
Traceback (most recent call last):
  File "/home/cug/thesis/blockchain-simulations/FloorEstimation/controllers/main.py", line 390, in controlstep
    for module in [erb, rs, rw]:
NameError: name 'erb' is not defined
Traceback (most recent call last):
  File "/home/cug/thesis/blockchain-simulations/FloorEstimation/controllers/main.py", line 390, in controlstep
    for module in [erb, rs, rw]:
NameError: name 'erb' is not defined
Traceback (most recent call last):
  File "/home/cug/thesis/blockchain-simulations/FloorEstimation/controllers/main.py", line 390, in controlstep
    for module in [erb, rs, rw]:
NameError: name 'erb' is not defined
Traceback (most recent call last):
  File "/home/cug/thesis/blockchain-simulations/FloorEstimation/controllers/main.py", line 390, in controlstep
    for module in [erb, rs, rw]:
NameError: name 'erb' is not defined
Traceback (most recent call last):
  File "/home/cug/thesis/blockchain-simulations/FloorEstimation/controllers/main.py", line 390, in controlstep
    for module in [erb, rs, rw]:
NameError: name 'erb' is not defined
Traceback (most recent call last):
  File "/home/cug/thesis/blockchain-simulations/FloorEstimation/controllers/main.py", line 390, in controlstep
    for module in [erb, rs, rw]:
NameError: name 'erb' is not defined
Traceback (most recent call last):
  File "/home/cug/thesis/blockchain-simulations/FloorEstimation/controllers/main.py", line 390, in controlstep
    for module in [erb, rs, rw]:
NameError: name 'erb' is not defined
Traceback (most recent call last):
  File "/home/cug/thesis/blockchain-simulations/FloorEstimation/controllers/main.py", line 390, in controlstep
    for module in [erb, rs, rw]:
NameError: name 'erb' is not defined
Traceback (most recent call last):
  File "/home/cug/thesis/blockchain-simulations/FloorEstimation/controllers/main.py", line 390, in controlstep
    for module in [erb, rs, rw]:
NameError: name 'erb' is not defined
Traceback (most recent call last):
  File "/home/cug/thesis/blockchain-simulations/FloorEstimation/controllers/main.py", line 390, in controlstep
    for module in [erb, rs, rw]:
NameError: name 'erb' is not defined
Traceback (most recent call last):
  File "/home/cug/thesis/blockchain-simulations/FloorEstimation/controllers/main.py", line 390, in controlstep
    for module in [erb, rs, rw]:
NameError: name 'erb' is not defined
Traceback (most recent call last):
  File "/home/cug/thesis/blockchain-simulations/FloorEstimation/controllers/main.py", line 390, in controlstep
    for module in [erb, rs, rw]:
NameError: name 'erb' is not defined
Traceback (most recent call last):
  File "/home/cug/thesis/blockchain-simulations/FloorEstimation/controllers/main.py", line 390, in controlstep
    for module in [erb, rs, rw]:
NameError: name 'erb' is not defined
Traceback (most recent call last):
  File "/home/cug/thesis/blockchain-simulations/FloorEstimation/controllers/main.py", line 390, in controlstep
    for module in [erb, rs, rw]:
NameError: name 'erb' is not defined
Traceback (most recent call last):
  File "/home/cug/thesis/blockchain-simulations/FloorEstimation/controllers/main.py", line 390, in controlstep
    for module in [erb, rs, rw]:
NameError: name 'erb' is not defined
Traceback (most recent call last):
  File "/home/cug/thesis/blockchain-simulations/FloorEstimation/controllers/main.py", line 390, in controlstep
    for module in [erb, rs, rw]:
NameError: name 'erb' is not defined
Traceback (most recent call last):
  File "/home/cug/thesis/blockchain-simulations/FloorEstimation/controllers/main.py", line 390, in controlstep
    for module in [erb, rs, rw]:
NameError: name 'erb' is not defined
Traceback (most recent call last):
  File "/home/cug/thesis/blockchain-simulations/FloorEstimation/controllers/main.py", line 390, in controlstep
    for module in [erb, rs, rw]:
NameError: name 'erb' is not defined
Traceback (most recent call last):
  File "/home/cug/thesis/blockchain-simulations/FloorEstimation/controllers/main.py", line 390, in controlstep
    for module in [erb, rs, rw]:
NameError: name 'erb' is not defined
Traceback (most recent call last):
  File "/home/cug/thesis/blockchain-simulations/FloorEstimation/controllers/main.py", line 390, in controlstep
    for module in [erb, rs, rw]:
NameError: name 'erb' is not defined
Traceback (most recent call last):
  File "/home/cug/thesis/blockchain-simulations/FloorEstimation/controllers/main.py", line 390, in controlstep
    for module in [erb, rs, rw]:
NameError: name 'erb' is not defined
Traceback (most recent call last):
  File "/home/cug/thesis/blockchain-simulations/FloorEstimation/controllers/main.py", line 390, in controlstep
    for module in [erb, rs, rw]:
NameError: name 'erb' is not defined
Traceback (most recent call last):
  File "/home/cug/thesis/blockchain-simulations/FloorEstimation/controllers/main.py", line 390, in controlstep
    for module in [erb, rs, rw]:
NameError: name 'erb' is not defined
Traceback (most recent call last):
  File "/home/cug/thesis/blockchain-simulations/FloorEstimation/controllers/main.py", line 390, in controlstep
    for module in [erb, rs, rw]:
NameError: name 'erb' is not defined
Traceback (most recent call last):
  File "/home/cug/thesis/blockchain-simulations/FloorEstimation/controllers/main.py", line 390, in controlstep
    for module in [erb, rs, rw]:
NameError: name 'erb' is not defined
Traceback (most recent call last):
  File "/home/cug/thesis/blockchain-simulations/FloorEstimation/controllers/main.py", line 390, in controlstep
    for module in [erb, rs, rw]:
NameError: name 'erb' is not defined
Traceback (most recent call last):
  File "/home/cug/thesis/blockchain-simulations/FloorEstimation/controllers/main.py", line 390, in controlstep
    for module in [erb, rs, rw]:
NameError: name 'erb' is not defined
Traceback (most recent call last):
  File "/home/cug/thesis/blockchain-simulations/FloorEstimation/controllers/main.py", line 390, in controlstep
    for module in [erb, rs, rw]:
NameError: name 'erb' is not defined
Traceback (most recent call last):
  File "/home/cug/thesis/blockchain-simulations/FloorEstimation/controllers/main.py", line 390, in controlstep
    for module in [erb, rs, rw]:
NameError: name 'erb' is not defined
Traceback (most recent call last):
  File "/home/cug/thesis/blockchain-simulations/FloorEstimation/controllers/main.py", line 390, in controlstep
    for module in [erb, rs, rw]:
NameError: name 'erb' is not defined
Traceback (most recent call last):
  File "/home/cug/thesis/blockchain-simulations/FloorEstimation/controllers/main.py", line 390, in controlstep
    for module in [erb, rs, rw]:
NameError: name 'erb' is not defined
Traceback (most recent call last):
  File "/home/cug/thesis/blockchain-simulations/FloorEstimation/controllers/main.py", line 390, in controlstep
    for module in [erb, rs, rw]:
NameError: name 'erb' is not defined
Traceback (most recent call last):
  File "/home/cug/thesis/blockchain-simulations/FloorEstimation/controllers/main.py", line 390, in controlstep
    for module in [erb, rs, rw]:
NameError: name 'erb' is not defined
Traceback (most recent call last):
  File "/home/cug/thesis/blockchain-simulations/FloorEstimation/controllers/main.py", line 390, in controlstep
    for module in [erb, rs, rw]:
NameError: name 'erb' is not defined
Traceback (most recent call last):
  File "/home/cug/thesis/blockchain-simulations/FloorEstimation/controllers/main.py", line 390, in controlstep
    for module in [erb, rs, rw]:
NameError: name 'erb' is not defined
Traceback (most recent call last):
  File "/home/cug/thesis/blockchain-simulations/FloorEstimation/controllers/main.py", line 390, in controlstep
    for module in [erb, rs, rw]:
NameError: name 'erb' is not defined
Traceback (most recent call last):
  File "/home/cug/thesis/blockchain-simulations/FloorEstimation/controllers/main.py", line 390, in controlstep
    for module in [erb, rs, rw]:
NameError: name 'erb' is not defined
Traceback (most recent call last):
  File "/home/cug/thesis/blockchain-simulations/FloorEstimation/controllers/main.py", line 390, in controlstep
    for module in [erb, rs, rw]:
NameError: name 'erb' is not defined
Traceback (most recent call last):
  File "/home/cug/thesis/blockchain-simulations/FloorEstimation/controllers/main.py", line 390, in controlstep
    for module in [erb, rs, rw]:
NameError: name 'erb' is not defined
Traceback (most recent call last):
  File "/home/cug/thesis/blockchain-simulations/FloorEstimation/controllers/main.py", line 390, in controlstep
    for module in [erb, rs, rw]:
NameError: name 'erb' is not defined
Traceback (most recent call last):
  File "/home/cug/thesis/blockchain-simulations/FloorEstimation/controllers/main.py", line 390, in controlstep
    for module in [erb, rs, rw]:
NameError: name 'erb' is not defined
Traceback (most recent call last):
  File "/home/cug/thesis/blockchain-simulations/FloorEstimation/controllers/main.py", line 390, in controlstep
    for module in [erb, rs, rw]:
NameError: name 'erb' is not defined
Traceback (most recent call last):
  File "/home/cug/thesis/blockchain-simulations/FloorEstimation/controllers/main.py", line 390, in controlstep
    for module in [erb, rs, rw]:
NameError: name 'erb' is not defined
Traceback (most recent call last):
  File "/home/cug/thesis/blockchain-simulations/FloorEstimation/controllers/main.py", line 390, in controlstep
    for module in [erb, rs, rw]:
NameError: name 'erb' is not defined
Traceback (most recent call last):
  File "/home/cug/thesis/blockchain-simulations/FloorEstimation/controllers/main.py", line 390, in controlstep
    for module in [erb, rs, rw]:
NameError: name 'erb' is not defined
Traceback (most recent call last):
  File "/home/cug/thesis/blockchain-simulations/FloorEstimation/controllers/main.py", line 390, in controlstep
    for module in [erb, rs, rw]:
NameError: name 'erb' is not defined
Traceback (most recent call last):
  File "/home/cug/thesis/blockchain-simulations/FloorEstimation/controllers/main.py", line 390, in controlstep
    for module in [erb, rs, rw]:
NameError: name 'erb' is not defined
Traceback (most recent call last):
  File "/home/cug/thesis/blockchain-simulations/FloorEstimation/controllers/main.py", line 390, in controlstep
    for module in [erb, rs, rw]:
NameError: name 'erb' is not defined
Traceback (most recent call last):
  File "/home/cug/thesis/blockchain-simulations/FloorEstimation/controllers/main.py", line 390, in controlstep
    for module in [erb, rs, rw]:
NameError: name 'erb' is not defined
Traceback (most recent call last):
  File "/home/cug/thesis/blockchain-simulations/FloorEstimation/controllers/main.py", line 390, in controlstep
    for module in [erb, rs, rw]:
NameError: name 'erb' is not defined
Traceback (most recent call last):
  File "/home/cug/thesis/blockchain-simulations/FloorEstimation/controllers/main.py", line 390, in controlstep
    for module in [erb, rs, rw]:
NameError: name 'erb' is not defined
Traceback (most recent call last):
  File "/home/cug/thesis/blockchain-simulations/FloorEstimation/controllers/main.py", line 390, in controlstep
    for module in [erb, rs, rw]:
NameError: name 'erb' is not defined
Traceback (most recent call last):
  File "/home/cug/thesis/blockchain-simulations/FloorEstimation/controllers/main.py", line 390, in controlstep
    for module in [erb, rs, rw]:
NameError: name 'erb' is not defined
Traceback (most recent call last):
  File "/home/cug/thesis/blockchain-simulations/FloorEstimation/controllers/main.py", line 390, in controlstep
    for module in [erb, rs, rw]:
NameError: name 'erb' is not defined
Traceback (most recent call last):
  File "/home/cug/thesis/blockchain-simulations/FloorEstimation/controllers/main.py", line 390, in controlstep
    for module in [erb, rs, rw]:
NameError: name 'erb' is not defined
Traceback (most recent call last):
  File "/home/cug/thesis/blockchain-simulations/FloorEstimation/controllers/main.py", line 390, in controlstep
    for module in [erb, rs, rw]:
NameError: name 'erb' is not defined
Traceback (most recent call last):
  File "/home/cug/thesis/blockchain-simulations/FloorEstimation/controllers/main.py", line 390, in controlstep
    for module in [erb, rs, rw]:
NameError: name 'erb' is not defined
Traceback (most recent call last):
  File "/home/cug/thesis/blockchain-simulations/FloorEstimation/controllers/main.py", line 390, in controlstep
    for module in [erb, rs, rw]:
NameError: name 'erb' is not defined
Traceback (most recent call last):
  File "/home/cug/thesis/blockchain-simulations/FloorEstimation/controllers/main.py", line 390, in controlstep
    for module in [erb, rs, rw]:
NameError: name 'erb' is not defined
Traceback (most recent call last):
  File "/home/cug/thesis/blockchain-simulations/FloorEstimation/controllers/main.py", line 390, in controlstep
    for module in [erb, rs, rw]:
NameError: name 'erb' is not defined
Traceback (most recent call last):
  File "/home/cug/thesis/blockchain-simulations/FloorEstimation/controllers/main.py", line 390, in controlstep
    for module in [erb, rs, rw]:
NameError: name 'erb' is not defined
Traceback (most recent call last):
  File "/home/cug/thesis/blockchain-simulations/FloorEstimation/controllers/main.py", line 390, in controlstep
    for module in [erb, rs, rw]:
NameError: name 'erb' is not defined
Traceback (most recent call last):
  File "/home/cug/thesis/blockchain-simulations/FloorEstimation/controllers/main.py", line 390, in controlstep
    for module in [erb, rs, rw]:
NameError: name 'erb' is not defined
Traceback (most recent call last):
  File "/home/cug/thesis/blockchain-simulations/FloorEstimation/controllers/main.py", line 390, in controlstep
    for module in [erb, rs, rw]:
NameError: name 'erb' is not defined
Traceback (most recent call last):
  File "/home/cug/thesis/blockchain-simulations/FloorEstimation/controllers/main.py", line 390, in controlstep
    for module in [erb, rs, rw]:
NameError: name 'erb' is not defined
Traceback (most recent call last):
  File "/home/cug/thesis/blockchain-simulations/FloorEstimation/controllers/main.py", line 390, in controlstep
    for module in [erb, rs, rw]:
NameError: name 'erb' is not defined
Traceback (most recent call last):
  File "/home/cug/thesis/blockchain-simulations/FloorEstimation/controllers/main.py", line 390, in controlstep
    for module in [erb, rs, rw]:
NameError: name 'erb' is not defined
Traceback (most recent call last):
  File "/home/cug/thesis/blockchain-simulations/FloorEstimation/controllers/main.py", line 390, in controlstep
    for module in [erb, rs, rw]:
NameError: name 'erb' is not defined
Traceback (most recent call last):
  File "/home/cug/thesis/blockchain-simulations/FloorEstimation/controllers/main.py", line 390, in controlstep
    for module in [erb, rs, rw]:
NameError: name 'erb' is not defined
Traceback (most recent call last):
  File "/home/cug/thesis/blockchain-simulations/FloorEstimation/controllers/main.py", line 390, in controlstep
    for module in [erb, rs, rw]:
NameError: name 'erb' is not defined
Traceback (most recent call last):
  File "/home/cug/thesis/blockchain-simulations/FloorEstimation/controllers/main.py", line 390, in controlstep
    for module in [erb, rs, rw]:
NameError: name 'erb' is not defined
Traceback (most recent call last):
  File "/home/cug/thesis/blockchain-simulations/FloorEstimation/controllers/main.py", line 390, in controlstep
    for module in [erb, rs, rw]:
NameError: name 'erb' is not defined
Traceback (most recent call last):
  File "/home/cug/thesis/blockchain-simulations/FloorEstimation/controllers/main.py", line 390, in controlstep
    for module in [erb, rs, rw]:
NameError: name 'erb' is not defined
Traceback (most recent call last):
  File "/home/cug/thesis/blockchain-simulations/FloorEstimation/controllers/main.py", line 390, in controlstep
    for module in [erb, rs, rw]:
NameError: name 'erb' is not defined
Traceback (most recent call last):
  File "/home/cug/thesis/blockchain-simulations/FloorEstimation/controllers/main.py", line 390, in controlstep
    for module in [erb, rs, rw]:
NameError: name 'erb' is not defined
Traceback (most recent call last):
  File "/home/cug/thesis/blockchain-simulations/FloorEstimation/controllers/main.py", line 390, in controlstep
    for module in [erb, rs, rw]:
NameError: name 'erb' is not defined
Traceback (most recent call last):
  File "/home/cug/thesis/blockchain-simulations/FloorEstimation/controllers/main.py", line 390, in controlstep
    for module in [erb, rs, rw]:
NameError: name 'erb' is not defined
Traceback (most recent call last):
  File "/home/cug/thesis/blockchain-simulations/FloorEstimation/controllers/main.py", line 390, in controlstep
    for module in [erb, rs, rw]:
NameError: name 'erb' is not defined
Traceback (most recent call last):
  File "/home/cug/thesis/blockchain-simulations/FloorEstimation/controllers/main.py", line 390, in controlstep
    for module in [erb, rs, rw]:
NameError: name 'erb' is not defined
Traceback (most recent call last):
  File "/home/cug/thesis/blockchain-simulations/FloorEstimation/controllers/main.py", line 390, in controlstep
    for module in [erb, rs, rw]:
NameError: name 'erb' is not defined
Traceback (most recent call last):
  File "/home/cug/thesis/blockchain-simulations/FloorEstimation/controllers/main.py", line 390, in controlstep
    for module in [erb, rs, rw]:
NameError: name 'erb' is not defined
Traceback (most recent call last):
  File "/home/cug/thesis/blockchain-simulations/FloorEstimation/controllers/main.py", line 390, in controlstep
    for module in [erb, rs, rw]:
NameError: name 'erb' is not defined
Traceback (most recent call last):
  File "/home/cug/thesis/blockchain-simulations/FloorEstimation/controllers/main.py", line 390, in controlstep
    for module in [erb, rs, rw]:
NameError: name 'erb' is not defined
Traceback (most recent call last):
  File "/home/cug/thesis/blockchain-simulations/FloorEstimation/controllers/main.py", line 390, in controlstep
    for module in [erb, rs, rw]:
NameError: name 'erb' is not defined
Traceback (most recent call last):
  File "/home/cug/thesis/blockchain-simulations/FloorEstimation/controllers/main.py", line 390, in controlstep
    for module in [erb, rs, rw]:
NameError: name 'erb' is not defined
Traceback (most recent call last):
  File "/home/cug/thesis/blockchain-simulations/FloorEstimation/controllers/main.py", line 390, in controlstep
    for module in [erb, rs, rw]:
NameError: name 'erb' is not defined
Traceback (most recent call last):
  File "/home/cug/thesis/blockchain-simulations/FloorEstimation/controllers/main.py", line 390, in controlstep
    for module in [erb, rs, rw]:
NameError: name 'erb' is not defined
Traceback (most recent call last):
  File "/home/cug/thesis/blockchain-simulations/FloorEstimation/controllers/main.py", line 390, in controlstep
    for module in [erb, rs, rw]:
NameError: name 'erb' is not defined
Traceback (most recent call last):
  File "/home/cug/thesis/blockchain-simulations/FloorEstimation/controllers/main.py", line 390, in controlstep
    for module in [erb, rs, rw]:
NameError: name 'erb' is not defined
Traceback (most recent call last):
  File "/home/cug/thesis/blockchain-simulations/FloorEstimation/controllers/main.py", line 390, in controlstep
    for module in [erb, rs, rw]:
NameError: name 'erb' is not defined
Traceback (most recent call last):
  File "/home/cug/thesis/blockchain-simulations/FloorEstimation/controllers/main.py", line 390, in controlstep
    for module in [erb, rs, rw]:
NameError: name 'erb' is not defined
Traceback (most recent call last):
  File "/home/cug/thesis/blockchain-simulations/FloorEstimation/controllers/main.py", line 390, in controlstep
    for module in [erb, rs, rw]:
NameError: name 'erb' is not defined
Traceback (most recent call last):
  File "/home/cug/thesis/blockchain-simulations/FloorEstimation/controllers/main.py", line 390, in controlstep
    for module in [erb, rs, rw]:
NameError: name 'erb' is not defined
Traceback (most recent call last):
  File "/home/cug/thesis/blockchain-simulations/FloorEstimation/controllers/main.py", line 390, in controlstep
    for module in [erb, rs, rw]:
NameError: name 'erb' is not defined
Traceback (most recent call last):
  File "/home/cug/thesis/blockchain-simulations/FloorEstimation/controllers/main.py", line 390, in controlstep
    for module in [erb, rs, rw]:
NameError: name 'erb' is not defined
Traceback (most recent call last):
  File "/home/cug/thesis/blockchain-simulations/FloorEstimation/controllers/main.py", line 390, in controlstep
    for module in [erb, rs, rw]:
NameError: name 'erb' is not defined
Traceback (most recent call last):
  File "/home/cug/thesis/blockchain-simulations/FloorEstimation/controllers/main.py", line 390, in controlstep
    for module in [erb, rs, rw]:
NameError: name 'erb' is not defined
Traceback (most recent call last):
  File "/home/cug/thesis/blockchain-simulations/FloorEstimation/controllers/main.py", line 390, in controlstep
    for module in [erb, rs, rw]:
NameError: name 'erb' is not defined
Traceback (most recent call last):
  File "/home/cug/thesis/blockchain-simulations/FloorEstimation/controllers/main.py", line 390, in controlstep
    for module in [erb, rs, rw]:
NameError: name 'erb' is not defined
Traceback (most recent call last):
  File "/home/cug/thesis/blockchain-simulations/FloorEstimation/controllers/main.py", line 390, in controlstep
    for module in [erb, rs, rw]:
NameError: name 'erb' is not defined
Traceback (most recent call last):
  File "/home/cug/thesis/blockchain-simulations/FloorEstimation/controllers/main.py", line 390, in controlstep
    for module in [erb, rs, rw]:
NameError: name 'erb' is not defined
Traceback (most recent call last):
  File "/home/cug/thesis/blockchain-simulations/FloorEstimation/controllers/main.py", line 390, in controlstep
    for module in [erb, rs, rw]:
NameError: name 'erb' is not defined
Traceback (most recent call last):
  File "/home/cug/thesis/blockchain-simulations/FloorEstimation/controllers/main.py", line 390, in controlstep
    for module in [erb, rs, rw]:
NameError: name 'erb' is not defined
Traceback (most recent call last):
  File "/home/cug/thesis/blockchain-simulations/FloorEstimation/controllers/main.py", line 390, in controlstep
    for module in [erb, rs, rw]:
NameError: name 'erb' is not defined
Traceback (most recent call last):
  File "/home/cug/thesis/blockchain-simulations/FloorEstimation/controllers/main.py", line 390, in controlstep
    for module in [erb, rs, rw]:
NameError: name 'erb' is not defined
Traceback (most recent call last):
  File "/home/cug/thesis/blockchain-simulations/FloorEstimation/controllers/main.py", line 390, in controlstep
    for module in [erb, rs, rw]:
NameError: name 'erb' is not defined
Traceback (most recent call last):
  File "/home/cug/thesis/blockchain-simulations/FloorEstimation/controllers/main.py", line 390, in controlstep
    for module in [erb, rs, rw]:
NameError: name 'erb' is not defined
Traceback (most recent call last):
  File "/home/cug/thesis/blockchain-simulations/FloorEstimation/controllers/main.py", line 390, in controlstep
    for module in [erb, rs, rw]:
NameError: name 'erb' is not defined
Traceback (most recent call last):
  File "/home/cug/thesis/blockchain-simulations/FloorEstimation/controllers/main.py", line 390, in controlstep
    for module in [erb, rs, rw]:
NameError: name 'erb' is not defined
Traceback (most recent call last):
  File "/home/cug/thesis/blockchain-simulations/FloorEstimation/controllers/main.py", line 390, in controlstep
    for module in [erb, rs, rw]:
NameError: name 'erb' is not defined
Traceback (most recent call last):
  File "/home/cug/thesis/blockchain-simulations/FloorEstimation/controllers/main.py", line 390, in controlstep
    for module in [erb, rs, rw]:
NameError: name 'erb' is not defined
Traceback (most recent call last):
  File "/home/cug/thesis/blockchain-simulations/FloorEstimation/controllers/main.py", line 390, in controlstep
    for module in [erb, rs, rw]:
NameError: name 'erb' is not defined
Traceback (most recent call last):
  File "/home/cug/thesis/blockchain-simulations/FloorEstimation/controllers/main.py", line 390, in controlstep
    for module in [erb, rs, rw]:
NameError: name 'erb' is not defined
Traceback (most recent call last):
  File "/home/cug/thesis/blockchain-simulations/FloorEstimation/controllers/main.py", line 390, in controlstep
    for module in [erb, rs, rw]:
NameError: name 'erb' is not defined
Traceback (most recent call last):
  File "/home/cug/thesis/blockchain-simulations/FloorEstimation/controllers/main.py", line 390, in controlstep
    for module in [erb, rs, rw]:
NameError: name 'erb' is not defined
Traceback (most recent call last):
  File "/home/cug/thesis/blockchain-simulations/FloorEstimation/controllers/main.py", line 390, in controlstep
    for module in [erb, rs, rw]:
NameError: name 'erb' is not defined
Traceback (most recent call last):
  File "/home/cug/thesis/blockchain-simulations/FloorEstimation/controllers/main.py", line 390, in controlstep
    for module in [erb, rs, rw]:
NameError: name 'erb' is not defined
Traceback (most recent call last):
  File "/home/cug/thesis/blockchain-simulations/FloorEstimation/controllers/main.py", line 390, in controlstep
    for module in [erb, rs, rw]:
NameError: name 'erb' is not defined
Traceback (most recent call last):
  File "/home/cug/thesis/blockchain-simulations/FloorEstimation/controllers/main.py", line 390, in controlstep
    for module in [erb, rs, rw]:
NameError: name 'erb' is not defined
Traceback (most recent call last):
  File "/home/cug/thesis/blockchain-simulations/FloorEstimation/controllers/main.py", line 390, in controlstep
    for module in [erb, rs, rw]:
NameError: name 'erb' is not defined
Traceback (most recent call last):
  File "/home/cug/thesis/blockchain-simulations/FloorEstimation/controllers/main.py", line 390, in controlstep
    for module in [erb, rs, rw]:
NameError: name 'erb' is not defined
Traceback (most recent call last):
  File "/home/cug/thesis/blockchain-simulations/FloorEstimation/controllers/main.py", line 390, in controlstep
    for module in [erb, rs, rw]:
NameError: name 'erb' is not defined
Traceback (most recent call last):
  File "/home/cug/thesis/blockchain-simulations/FloorEstimation/controllers/main.py", line 390, in controlstep
    for module in [erb, rs, rw]:
NameError: name 'erb' is not defined
Traceback (most recent call last):
  File "/home/cug/thesis/blockchain-simulations/FloorEstimation/controllers/main.py", line 390, in controlstep
    for module in [erb, rs, rw]:
NameError: name 'erb' is not defined
Traceback (most recent call last):
  File "/home/cug/thesis/blockchain-simulations/FloorEstimation/controllers/main.py", line 390, in controlstep
    for module in [erb, rs, rw]:
NameError: name 'erb' is not defined
Traceback (most recent call last):
  File "/home/cug/thesis/blockchain-simulations/FloorEstimation/controllers/main.py", line 390, in controlstep
    for module in [erb, rs, rw]:
NameError: name 'erb' is not defined
Traceback (most recent call last):
  File "/home/cug/thesis/blockchain-simulations/FloorEstimation/controllers/main.py", line 390, in controlstep
    for module in [erb, rs, rw]:
NameError: name 'erb' is not defined
Traceback (most recent call last):
  File "/home/cug/thesis/blockchain-simulations/FloorEstimation/controllers/main.py", line 390, in controlstep
    for module in [erb, rs, rw]:
NameError: name 'erb' is not defined
Traceback (most recent call last):
  File "/home/cug/thesis/blockchain-simulations/FloorEstimation/controllers/main.py", line 390, in controlstep
    for module in [erb, rs, rw]:
NameError: name 'erb' is not defined
Traceback (most recent call last):
  File "/home/cug/thesis/blockchain-simulations/FloorEstimation/controllers/main.py", line 390, in controlstep
    for module in [erb, rs, rw]:
NameError: name 'erb' is not defined
Traceback (most recent call last):
  File "/home/cug/thesis/blockchain-simulations/FloorEstimation/controllers/main.py", line 390, in controlstep
    for module in [erb, rs, rw]:
NameError: name 'erb' is not defined
Traceback (most recent call last):
  File "/home/cug/thesis/blockchain-simulations/FloorEstimation/controllers/main.py", line 390, in controlstep
    for module in [erb, rs, rw]:
NameError: name 'erb' is not defined
Traceback (most recent call last):
  File "/home/cug/thesis/blockchain-simulations/FloorEstimation/controllers/main.py", line 390, in controlstep
    for module in [erb, rs, rw]:
NameError: name 'erb' is not defined
Traceback (most recent call last):
  File "/home/cug/thesis/blockchain-simulations/FloorEstimation/controllers/main.py", line 390, in controlstep
    for module in [erb, rs, rw]:
NameError: name 'erb' is not defined
Traceback (most recent call last):
  File "/home/cug/thesis/blockchain-simulations/FloorEstimation/controllers/main.py", line 390, in controlstep
    for module in [erb, rs, rw]:
NameError: name 'erb' is not defined
Traceback (most recent call last):
  File "/home/cug/thesis/blockchain-simulations/FloorEstimation/controllers/main.py", line 390, in controlstep
    for module in [erb, rs, rw]:
NameError: name 'erb' is not defined
Traceback (most recent call last):
  File "/home/cug/thesis/blockchain-simulations/FloorEstimation/controllers/main.py", line 390, in controlstep
    for module in [erb, rs, rw]:
NameError: name 'erb' is not defined
Traceback (most recent call last):
  File "/home/cug/thesis/blockchain-simulations/FloorEstimation/controllers/main.py", line 390, in controlstep
    for module in [erb, rs, rw]:
NameError: name 'erb' is not defined
Traceback (most recent call last):
  File "/home/cug/thesis/blockchain-simulations/FloorEstimation/controllers/main.py", line 390, in controlstep
    for module in [erb, rs, rw]:
NameError: name 'erb' is not defined
Traceback (most recent call last):
  File "/home/cug/thesis/blockchain-simulations/FloorEstimation/controllers/main.py", line 390, in controlstep
    for module in [erb, rs, rw]:
NameError: name 'erb' is not defined
Traceback (most recent call last):
  File "/home/cug/thesis/blockchain-simulations/FloorEstimation/controllers/main.py", line 390, in controlstep
    for module in [erb, rs, rw]:
NameError: name 'erb' is not defined
Traceback (most recent call last):
  File "/home/cug/thesis/blockchain-simulations/FloorEstimation/controllers/main.py", line 390, in controlstep
    for module in [erb, rs, rw]:
NameError: name 'erb' is not defined
Traceback (most recent call last):
  File "/home/cug/thesis/blockchain-simulations/FloorEstimation/controllers/main.py", line 390, in controlstep
    for module in [erb, rs, rw]:
NameError: name 'erb' is not defined
Traceback (most recent call last):
  File "/home/cug/thesis/blockchain-simulations/FloorEstimation/controllers/main.py", line 390, in controlstep
    for module in [erb, rs, rw]:
NameError: name 'erb' is not defined
slurmstepd-localhost: error: *** JOB 139 ON localhost CANCELLED AT 2025-08-14T23:16:11 ***
