+ BASE_DIR=/home/cug/thesis/blockchain-simulations/FloorEstimation
++ realpath /home/cug/thesis/blockchain-simulations/FloorEstimation
+ FLOOR=/home/cug/thesis/blockchain-simulations/FloorEstimation
+ HPC=/home/cug/thesis/blockchain-simulations/FloorEstimation/hpc
++ realpath /home/cug/thesis/blockchain-simulations/FloorEstimation/..
+ ROOT=/home/cug/thesis/blockchain-simulations
+ LOG_DIR=/home/cug/thesis/blockchain-simulations/FloorEstimation/logs
+ mkdir -p /home/cug/thesis/blockchain-simulations/FloorEstimation/logs
+ export OMP_NUM_THREADS=1 MKL_NUM_THREADS=1 OPENBLAS_NUM_THREADS=1 NUMEXPR_NUM_THREADS=1
+ OMP_NUM_THREADS=1
+ MKL_NUM_THREADS=1
+ OPENBLAS_NUM_THREADS=1
+ NUMEXPR_NUM_THREADS=1
+ export SIF=/home/cug/thesis/blockchain-simulations/FloorEstimation/hpc/geth.sif
+ SIF=/home/cug/thesis/blockchain-simulations/FloorEstimation/hpc/geth.sif
+ export GENESIS_JSON=/home/cug/thesis/blockchain-simulations/argos-blockchain/geth/files/genesis_poa.json
+ GENESIS_JSON=/home/cug/thesis/blockchain-simulations/argos-blockchain/geth/files/genesis_poa.json
+ export HPC_NUM_NODES=24
+ HPC_NUM_NODES=24
+ export HPC_BASE_OFFSET=0
+ HPC_BASE_OFFSET=0
+ export NETWORK_ID=456719
+ NETWORK_ID=456719
+ export P2P_BASE=30303
+ P2P_BASE=30303
+ export HTTP_BASE=8545
+ HTTP_BASE=8545
+ export WS_BASE=8546
+ WS_BASE=8546
+ export HPC_MODE=1
+ HPC_MODE=1
+ export GETH_HOST=127.0.0.1
+ GETH_HOST=127.0.0.1
+ export GETH_HTTP_PORT=8545
+ GETH_HTTP_PORT=8545
+ export GETH_WS_PORT=8546
+ GETH_WS_PORT=8546
+ module load apptainer
+ true
+ '[' '!' -f /home/cug/thesis/blockchain-simulations/FloorEstimation/hpc/geth.sif ']'
+ cd /home/cug/thesis/blockchain-simulations/FloorEstimation
+ export WORKDIR=/tmp/ethnet
+ WORKDIR=/tmp/ethnet
+ mkdir -p /tmp/ethnet /tmp/ethnet/nodes /tmp/ethnet/nodekeys /tmp/ethnet/neighbors
+ byz=(0 2 4 6)
+ CFG_IDX=0
+ REP=1
+ NUMBYZ=0
+ NUM1=24
++ hostname -I
++ awk '{print $1}'
+ HOST_IP=192.168.1.152
+ echo '[array] host_ip=192.168.1.152  task_id=0  cfg=0  rep=1'
+ pushd /home/cug/thesis/blockchain-simulations/FloorEstimation
+ python3 /home/cug/thesis/blockchain-simulations/FloorEstimation/hpc/make_identifiers.py 24
+ GETH_LAUNCH_PID=3268366
+ bash /home/cug/thesis/blockchain-simulations/FloorEstimation/hpc/start-geth.sh
+ PEER_PID=3268367
+ echo '[array] waiting for geth JSON-RPC on :8545'
+ python3 /home/cug/thesis/blockchain-simulations/FloorEstimation/hpc/peering_service.py
+ for i in {1..300}
+ curl -fsS -H 'Content-Type: application/json' -X POST --data '{"jsonrpc":"2.0","method":"web3_clientVersion","params":[],"id":1}' http://127.0.0.1:8545
+ echo '[array] JSON-RPC ready'
+ break
+ '[' 1 -ge 300 ']'
+ source /home/cug/thesis/blockchain-simulations/FloorEstimation/experimentconfig.sh
++ export HOMEFOLDER=/home/cug
++ HOMEFOLDER=/home/cug
++ export MAINFOLDER=/home/cug/thesis/blockchain-simulations
++ MAINFOLDER=/home/cug/thesis/blockchain-simulations
++ export DOCKERFOLDER=/home/cug/thesis/blockchain-simulations/argos-blockchain
++ DOCKERFOLDER=/home/cug/thesis/blockchain-simulations/argos-blockchain
++ export ARGOSFOLDER=/home/cug/thesis/blockchain-simulations/argos-python
++ ARGOSFOLDER=/home/cug/thesis/blockchain-simulations/argos-python
++ export EXPERIMENTFOLDER=/home/cug/thesis/blockchain-simulations/FloorEstimation
++ EXPERIMENTFOLDER=/home/cug/thesis/blockchain-simulations/FloorEstimation
++ export BLOCKCHAINPATH=/home/cug/eth_data_para/data
++ BLOCKCHAINPATH=/home/cug/eth_data_para/data
++ export ARGOSNAME=fast-floor
++ ARGOSNAME=fast-floor
++ export GENESISNAME=genesis_poa
++ GENESISNAME=genesis_poa
++ export CONTRACTNAME=MarketForaging
++ CONTRACTNAME=MarketForaging
++ export SCNAME=experiment_volker
++ SCNAME=experiment_volker
++ export GENESISFILE=/home/cug/thesis/blockchain-simulations/argos-blockchain/geth/files/genesis_poa.json
++ GENESISFILE=/home/cug/thesis/blockchain-simulations/argos-blockchain/geth/files/genesis_poa.json
++ export CONTRACTADDRESS=/home/cug/thesis/blockchain-simulations/FloorEstimation/scs/contractAddress.txt
++ CONTRACTADDRESS=/home/cug/thesis/blockchain-simulations/FloorEstimation/scs/contractAddress.txt
++ export CONTRACTABI=/home/cug/thesis/blockchain-simulations/FloorEstimation/scs/build/MarketForaging.abi
++ CONTRACTABI=/home/cug/thesis/blockchain-simulations/FloorEstimation/scs/build/MarketForaging.abi
++ export CONTRACTBIN=/home/cug/thesis/blockchain-simulations/FloorEstimation/scs/build/MarketForaging.bin-runtime
++ CONTRACTBIN=/home/cug/thesis/blockchain-simulations/FloorEstimation/scs/build/MarketForaging.bin-runtime
++ export SCFILE=/home/cug/thesis/blockchain-simulations/FloorEstimation/scs/experiment_volker.sol
++ SCFILE=/home/cug/thesis/blockchain-simulations/FloorEstimation/scs/experiment_volker.sol
++ export SCTEMPLATE=/home/cug/thesis/blockchain-simulations/FloorEstimation/scs/experiment_volker.x.sol
++ SCTEMPLATE=/home/cug/thesis/blockchain-simulations/FloorEstimation/scs/experiment_volker.x.sol
++ export ARGOSFILE=/home/cug/thesis/blockchain-simulations/FloorEstimation/experiments/fast-floor.argos
++ ARGOSFILE=/home/cug/thesis/blockchain-simulations/FloorEstimation/experiments/fast-floor.argos
++ export ARGOSTEMPLATE=/home/cug/thesis/blockchain-simulations/FloorEstimation/experiments/fast-floor.x.argos
++ ARGOSTEMPLATE=/home/cug/thesis/blockchain-simulations/FloorEstimation/experiments/fast-floor.x.argos
++ export SWARMNAME=ethereum
++ SWARMNAME=ethereum
++ export CONTAINERBASE=ethereum_eth
++ CONTAINERBASE=ethereum_eth
++ export REALTIME=true
++ REALTIME=true
++ export LENGTH=5000
++ LENGTH=5000
++ export FLOORFILE=38.png
++ FLOORFILE=38.png
++ export NUM1=12
++ NUM1=12
++ export NUMBYZANTINE=0
++ NUMBYZANTINE=0
++ export BYZANTINESWARMSTYLE=1
++ BYZANTINESWARMSTYLE=1
++ export CON1=/home/cug/thesis/blockchain-simulations/FloorEstimation/controllers/main.py
++ CON1=/home/cug/thesis/blockchain-simulations/FloorEstimation/controllers/main.py
++ export MYLOOP=loop_function_convergence.py
++ MYLOOP=loop_function_convergence.py
++ export RABRANGE=0.35
++ RABRANGE=0.35
++ export WHEELNOISE=0
++ WHEELNOISE=0
++ export TPS=1
++ TPS=1
++ export DENSITY=1
++ DENSITY=1
+++ echo 12
+++ bc
++ export NUMROBOTS=12
++ NUMROBOTS=12
++ export ARENADIM=1.9
++ ARENADIM=1.9
++ export ARENADIMH=0.95
++ ARENADIMH=0.95
++ export STARTDIM=0.6
++ STARTDIM=0.6
++ export BLOCKPERIOD=15
++ BLOCKPERIOD=15
++ export SEED=1500
++ SEED=1500
++ export TIMELIMIT=100
++ TIMELIMIT=100
++ export SLEEPTIME=5
++ SLEEPTIME=5
++ export REPS=1
++ REPS=1
++ export 'NOTES=Run with BYZ_COUNT=0, REP=1'
++ NOTES='Run with BYZ_COUNT=0, REP=1'
+ export NUM1=12
+ NUM1=12
+ export NUMBYZANTINE=0
+ NUMBYZANTINE=0
+ export REPS=1
+ REPS=1
+ ARGOSFILE=/home/cug/thesis/blockchain-simulations/FloorEstimation/experiments/fast-floor.argos
+ SLEEPTIME=5
+ echo '[array] starting ARGoS: /home/cug/thesis/blockchain-simulations/FloorEstimation/experiments/fast-floor.argos'
+ sleep 5
WARN [08-14|23:12:29.937] Unknown config environment variable      envvar=GETH_HOST
INFO [08-14|23:12:29.937] Config environment variable found        envvar=GETH_HTTP_PORT
INFO [08-14|23:12:29.937] Config environment variable found        envvar=GETH_WS_PORT
Fatal: invalid command-line: too many arguments
+ argos3 -z -c /home/cug/thesis/blockchain-simulations/FloorEstimation/experiments/fast-floor.argos
Traceback (most recent call last):
  File "/home/cug/thesis/blockchain-simulations/FloorEstimation/controllers/main.py", line 171, in init
    me = Peer(robotID, robotIP, w3.enode, w3.key)
AttributeError: 'Web3' object has no attribute 'enode'
Traceback (most recent call last):
  File "/home/cug/thesis/blockchain-simulations/FloorEstimation/controllers/main.py", line 24, in <module>
    from console import *
  File "/home/cug/thesis/blockchain-simulations/FloorEstimation/controllers/console.py", line 5, in <module>
    from web3 import Web3, HTTPProvider
  File "/home/cug/.local/lib/python3.8/site-packages/web3/__init__.py", line 1, in <module>
    from eth_account import Account  # noqa: E402
  File "/home/cug/.local/lib/python3.8/site-packages/eth_account/__init__.py", line 5, in <module>
    from eth_account.account import (
  File "/home/cug/.local/lib/python3.8/site-packages/eth_account/account.py", line 19, in <module>
    from eth_keyfile import (
  File "/home/cug/.local/lib/python3.8/site-packages/eth_keyfile/__init__.py", line 5, in <module>
    from eth_keyfile.keyfile import (
  File "/home/cug/.local/lib/python3.8/site-packages/eth_keyfile/keyfile.py", line 33, in <module>
    from eth_keys import (
  File "/home/cug/.local/lib/python3.8/site-packages/eth_keys/__init__.py", line 5, in <module>
    from .main import (
  File "/home/cug/.local/lib/python3.8/site-packages/eth_keys/main.py", line 1, in <module>
    from eth_utils import (
  File "/home/cug/.local/lib/python3.8/site-packages/eth_utils/__init__.py", line 36, in <module>
    from .applicators import (
  File "/home/cug/.local/lib/python3.8/site-packages/eth_utils/applicators.py", line 18, in <module>
    from .pydantic import (
  File "/home/cug/.local/lib/python3.8/site-packages/eth_utils/pydantic.py", line 7, in <module>
    from pydantic import (
  File "/home/cug/.local/lib/python3.8/site-packages/pydantic/__init__.py", line 421, in __getattr__
    module = import_module(module_name, package=package)
  File "/usr/lib/python3.8/importlib/__init__.py", line 127, in import_module
    return _bootstrap._gcd_import(name[level:], package, level)
  File "/home/cug/.local/lib/python3.8/site-packages/pydantic/main.py", line 29, in <module>
    import pydantic_core
  File "/home/cug/.local/lib/python3.8/site-packages/pydantic_core/__init__.py", line 6, in <module>
    from ._pydantic_core import (
ImportError: PyO3 modules compiled for CPython 3.8 or older may only be initialized once per interpreter process
AttributeError: module '__main__' has no attribute 'init'
Traceback (most recent call last):
  File "/home/cug/thesis/blockchain-simulations/FloorEstimation/controllers/main.py", line 24, in <module>
    from console import *
  File "/home/cug/thesis/blockchain-simulations/FloorEstimation/controllers/console.py", line 5, in <module>
    from web3 import Web3, HTTPProvider
  File "/home/cug/.local/lib/python3.8/site-packages/web3/__init__.py", line 1, in <module>
    from eth_account import Account  # noqa: E402
  File "/home/cug/.local/lib/python3.8/site-packages/eth_account/__init__.py", line 5, in <module>
    from eth_account.account import (
  File "/home/cug/.local/lib/python3.8/site-packages/eth_account/account.py", line 19, in <module>
    from eth_keyfile import (
  File "/home/cug/.local/lib/python3.8/site-packages/eth_keyfile/__init__.py", line 5, in <module>
    from eth_keyfile.keyfile import (
  File "/home/cug/.local/lib/python3.8/site-packages/eth_keyfile/keyfile.py", line 33, in <module>
    from eth_keys import (
  File "/home/cug/.local/lib/python3.8/site-packages/eth_keys/__init__.py", line 5, in <module>
    from .main import (
  File "/home/cug/.local/lib/python3.8/site-packages/eth_keys/main.py", line 1, in <module>
    from eth_utils import (
  File "/home/cug/.local/lib/python3.8/site-packages/eth_utils/__init__.py", line 36, in <module>
    from .applicators import (
  File "/home/cug/.local/lib/python3.8/site-packages/eth_utils/applicators.py", line 18, in <module>
    from .pydantic import (
  File "/home/cug/.local/lib/python3.8/site-packages/eth_utils/pydantic.py", line 7, in <module>
    from pydantic import (
  File "/home/cug/.local/lib/python3.8/site-packages/pydantic/__init__.py", line 421, in __getattr__
    module = import_module(module_name, package=package)
  File "/usr/lib/python3.8/importlib/__init__.py", line 127, in import_module
    return _bootstrap._gcd_import(name[level:], package, level)
  File "/home/cug/.local/lib/python3.8/site-packages/pydantic/main.py", line 29, in <module>
    import pydantic_core
  File "/home/cug/.local/lib/python3.8/site-packages/pydantic_core/__init__.py", line 6, in <module>
    from ._pydantic_core import (
ImportError: PyO3 modules compiled for CPython 3.8 or older may only be initialized once per interpreter process
AttributeError: module '__main__' has no attribute 'init'
Traceback (most recent call last):
  File "/home/cug/thesis/blockchain-simulations/FloorEstimation/controllers/main.py", line 24, in <module>
    from console import *
  File "/home/cug/thesis/blockchain-simulations/FloorEstimation/controllers/console.py", line 5, in <module>
    from web3 import Web3, HTTPProvider
  File "/home/cug/.local/lib/python3.8/site-packages/web3/__init__.py", line 1, in <module>
    from eth_account import Account  # noqa: E402
  File "/home/cug/.local/lib/python3.8/site-packages/eth_account/__init__.py", line 5, in <module>
    from eth_account.account import (
  File "/home/cug/.local/lib/python3.8/site-packages/eth_account/account.py", line 19, in <module>
    from eth_keyfile import (
  File "/home/cug/.local/lib/python3.8/site-packages/eth_keyfile/__init__.py", line 5, in <module>
    from eth_keyfile.keyfile import (
  File "/home/cug/.local/lib/python3.8/site-packages/eth_keyfile/keyfile.py", line 33, in <module>
    from eth_keys import (
  File "/home/cug/.local/lib/python3.8/site-packages/eth_keys/__init__.py", line 5, in <module>
    from .main import (
  File "/home/cug/.local/lib/python3.8/site-packages/eth_keys/main.py", line 1, in <module>
    from eth_utils import (
  File "/home/cug/.local/lib/python3.8/site-packages/eth_utils/__init__.py", line 36, in <module>
    from .applicators import (
  File "/home/cug/.local/lib/python3.8/site-packages/eth_utils/applicators.py", line 18, in <module>
    from .pydantic import (
  File "/home/cug/.local/lib/python3.8/site-packages/eth_utils/pydantic.py", line 7, in <module>
    from pydantic import (
  File "/home/cug/.local/lib/python3.8/site-packages/pydantic/__init__.py", line 421, in __getattr__
    module = import_module(module_name, package=package)
  File "/usr/lib/python3.8/importlib/__init__.py", line 127, in import_module
    return _bootstrap._gcd_import(name[level:], package, level)
  File "/home/cug/.local/lib/python3.8/site-packages/pydantic/main.py", line 29, in <module>
    import pydantic_core
  File "/home/cug/.local/lib/python3.8/site-packages/pydantic_core/__init__.py", line 6, in <module>
    from ._pydantic_core import (
ImportError: PyO3 modules compiled for CPython 3.8 or older may only be initialized once per interpreter process
AttributeError: module '__main__' has no attribute 'init'
Traceback (most recent call last):
  File "/home/cug/thesis/blockchain-simulations/FloorEstimation/controllers/main.py", line 24, in <module>
    from console import *
  File "/home/cug/thesis/blockchain-simulations/FloorEstimation/controllers/console.py", line 5, in <module>
    from web3 import Web3, HTTPProvider
  File "/home/cug/.local/lib/python3.8/site-packages/web3/__init__.py", line 1, in <module>
    from eth_account import Account  # noqa: E402
  File "/home/cug/.local/lib/python3.8/site-packages/eth_account/__init__.py", line 5, in <module>
    from eth_account.account import (
  File "/home/cug/.local/lib/python3.8/site-packages/eth_account/account.py", line 19, in <module>
    from eth_keyfile import (
  File "/home/cug/.local/lib/python3.8/site-packages/eth_keyfile/__init__.py", line 5, in <module>
    from eth_keyfile.keyfile import (
  File "/home/cug/.local/lib/python3.8/site-packages/eth_keyfile/keyfile.py", line 33, in <module>
    from eth_keys import (
  File "/home/cug/.local/lib/python3.8/site-packages/eth_keys/__init__.py", line 5, in <module>
    from .main import (
  File "/home/cug/.local/lib/python3.8/site-packages/eth_keys/main.py", line 1, in <module>
    from eth_utils import (
  File "/home/cug/.local/lib/python3.8/site-packages/eth_utils/__init__.py", line 36, in <module>
    from .applicators import (
  File "/home/cug/.local/lib/python3.8/site-packages/eth_utils/applicators.py", line 18, in <module>
    from .pydantic import (
  File "/home/cug/.local/lib/python3.8/site-packages/eth_utils/pydantic.py", line 7, in <module>
    from pydantic import (
  File "/home/cug/.local/lib/python3.8/site-packages/pydantic/__init__.py", line 421, in __getattr__
    module = import_module(module_name, package=package)
  File "/usr/lib/python3.8/importlib/__init__.py", line 127, in import_module
    return _bootstrap._gcd_import(name[level:], package, level)
  File "/home/cug/.local/lib/python3.8/site-packages/pydantic/main.py", line 29, in <module>
    import pydantic_core
  File "/home/cug/.local/lib/python3.8/site-packages/pydantic_core/__init__.py", line 6, in <module>
    from ._pydantic_core import (
ImportError: PyO3 modules compiled for CPython 3.8 or older may only be initialized once per interpreter process
AttributeError: module '__main__' has no attribute 'init'
Traceback (most recent call last):
  File "/home/cug/thesis/blockchain-simulations/FloorEstimation/controllers/main.py", line 24, in <module>
    from console import *
  File "/home/cug/thesis/blockchain-simulations/FloorEstimation/controllers/console.py", line 5, in <module>
    from web3 import Web3, HTTPProvider
  File "/home/cug/.local/lib/python3.8/site-packages/web3/__init__.py", line 1, in <module>
    from eth_account import Account  # noqa: E402
  File "/home/cug/.local/lib/python3.8/site-packages/eth_account/__init__.py", line 5, in <module>
    from eth_account.account import (
  File "/home/cug/.local/lib/python3.8/site-packages/eth_account/account.py", line 19, in <module>
    from eth_keyfile import (
  File "/home/cug/.local/lib/python3.8/site-packages/eth_keyfile/__init__.py", line 5, in <module>
    from eth_keyfile.keyfile import (
  File "/home/cug/.local/lib/python3.8/site-packages/eth_keyfile/keyfile.py", line 33, in <module>
    from eth_keys import (
  File "/home/cug/.local/lib/python3.8/site-packages/eth_keys/__init__.py", line 5, in <module>
    from .main import (
  File "/home/cug/.local/lib/python3.8/site-packages/eth_keys/main.py", line 1, in <module>
    from eth_utils import (
  File "/home/cug/.local/lib/python3.8/site-packages/eth_utils/__init__.py", line 36, in <module>
    from .applicators import (
  File "/home/cug/.local/lib/python3.8/site-packages/eth_utils/applicators.py", line 18, in <module>
    from .pydantic import (
  File "/home/cug/.local/lib/python3.8/site-packages/eth_utils/pydantic.py", line 7, in <module>
    from pydantic import (
  File "/home/cug/.local/lib/python3.8/site-packages/pydantic/__init__.py", line 421, in __getattr__
    module = import_module(module_name, package=package)
  File "/usr/lib/python3.8/importlib/__init__.py", line 127, in import_module
    return _bootstrap._gcd_import(name[level:], package, level)
  File "/home/cug/.local/lib/python3.8/site-packages/pydantic/main.py", line 29, in <module>
    import pydantic_core
  File "/home/cug/.local/lib/python3.8/site-packages/pydantic_core/__init__.py", line 6, in <module>
    from ._pydantic_core import (
ImportError: PyO3 modules compiled for CPython 3.8 or older may only be initialized once per interpreter process
AttributeError: module '__main__' has no attribute 'init'
AttributeError: module '__main__' has no attribute 'destroy'
Traceback (most recent call last):
  File "/home/cug/thesis/blockchain-simulations/FloorEstimation/controllers/main.py", line 24, in <module>
    from console import *
  File "/home/cug/thesis/blockchain-simulations/FloorEstimation/controllers/console.py", line 5, in <module>
    from web3 import Web3, HTTPProvider
  File "/home/cug/.local/lib/python3.8/site-packages/web3/__init__.py", line 1, in <module>
    from eth_account import Account  # noqa: E402
  File "/home/cug/.local/lib/python3.8/site-packages/eth_account/__init__.py", line 5, in <module>
    from eth_account.account import (
  File "/home/cug/.local/lib/python3.8/site-packages/eth_account/account.py", line 19, in <module>
    from eth_keyfile import (
  File "/home/cug/.local/lib/python3.8/site-packages/eth_keyfile/__init__.py", line 5, in <module>
    from eth_keyfile.keyfile import (
  File "/home/cug/.local/lib/python3.8/site-packages/eth_keyfile/keyfile.py", line 33, in <module>
    from eth_keys import (
  File "/home/cug/.local/lib/python3.8/site-packages/eth_keys/__init__.py", line 5, in <module>
    from .main import (
  File "/home/cug/.local/lib/python3.8/site-packages/eth_keys/main.py", line 1, in <module>
    from eth_utils import (
  File "/home/cug/.local/lib/python3.8/site-packages/eth_utils/__init__.py", line 36, in <module>
    from .applicators import (
  File "/home/cug/.local/lib/python3.8/site-packages/eth_utils/applicators.py", line 18, in <module>
    from .pydantic import (
  File "/home/cug/.local/lib/python3.8/site-packages/eth_utils/pydantic.py", line 7, in <module>
    from pydantic import (
  File "/home/cug/.local/lib/python3.8/site-packages/pydantic/__init__.py", line 421, in __getattr__
    module = import_module(module_name, package=package)
  File "/usr/lib/python3.8/importlib/__init__.py", line 127, in import_module
    return _bootstrap._gcd_import(name[level:], package, level)
  File "/home/cug/.local/lib/python3.8/site-packages/pydantic/main.py", line 29, in <module>
    import pydantic_core
  File "/home/cug/.local/lib/python3.8/site-packages/pydantic_core/__init__.py", line 6, in <module>
    from ._pydantic_core import (
ImportError: PyO3 modules compiled for CPython 3.8 or older may only be initialized once per interpreter process
AttributeError: module '__main__' has no attribute 'init'
Traceback (most recent call last):
  File "/home/cug/thesis/blockchain-simulations/FloorEstimation/controllers/main.py", line 24, in <module>
    from console import *
  File "/home/cug/thesis/blockchain-simulations/FloorEstimation/controllers/console.py", line 5, in <module>
    from web3 import Web3, HTTPProvider
  File "/home/cug/.local/lib/python3.8/site-packages/web3/__init__.py", line 1, in <module>
    from eth_account import Account  # noqa: E402
  File "/home/cug/.local/lib/python3.8/site-packages/eth_account/__init__.py", line 5, in <module>
    from eth_account.account import (
  File "/home/cug/.local/lib/python3.8/site-packages/eth_account/account.py", line 19, in <module>
    from eth_keyfile import (
  File "/home/cug/.local/lib/python3.8/site-packages/eth_keyfile/__init__.py", line 5, in <module>
    from eth_keyfile.keyfile import (
  File "/home/cug/.local/lib/python3.8/site-packages/eth_keyfile/keyfile.py", line 33, in <module>
    from eth_keys import (
  File "/home/cug/.local/lib/python3.8/site-packages/eth_keys/__init__.py", line 5, in <module>
    from .main import (
  File "/home/cug/.local/lib/python3.8/site-packages/eth_keys/main.py", line 1, in <module>
    from eth_utils import (
  File "/home/cug/.local/lib/python3.8/site-packages/eth_utils/__init__.py", line 36, in <module>
    from .applicators import (
  File "/home/cug/.local/lib/python3.8/site-packages/eth_utils/applicators.py", line 18, in <module>
    from .pydantic import (
  File "/home/cug/.local/lib/python3.8/site-packages/eth_utils/pydantic.py", line 7, in <module>
    from pydantic import (
  File "/home/cug/.local/lib/python3.8/site-packages/pydantic/__init__.py", line 421, in __getattr__
    module = import_module(module_name, package=package)
  File "/usr/lib/python3.8/importlib/__init__.py", line 127, in import_module
    return _bootstrap._gcd_import(name[level:], package, level)
  File "/home/cug/.local/lib/python3.8/site-packages/pydantic/main.py", line 29, in <module>
    import pydantic_core
  File "/home/cug/.local/lib/python3.8/site-packages/pydantic_core/__init__.py", line 6, in <module>
    from ._pydantic_core import (
ImportError: PyO3 modules compiled for CPython 3.8 or older may only be initialized once per interpreter process
AttributeError: module '__main__' has no attribute 'init'
Traceback (most recent call last):
  File "/home/cug/thesis/blockchain-simulations/FloorEstimation/controllers/main.py", line 24, in <module>
    from console import *
  File "/home/cug/thesis/blockchain-simulations/FloorEstimation/controllers/console.py", line 5, in <module>
    from web3 import Web3, HTTPProvider
  File "/home/cug/.local/lib/python3.8/site-packages/web3/__init__.py", line 1, in <module>
    from eth_account import Account  # noqa: E402
  File "/home/cug/.local/lib/python3.8/site-packages/eth_account/__init__.py", line 5, in <module>
    from eth_account.account import (
  File "/home/cug/.local/lib/python3.8/site-packages/eth_account/account.py", line 19, in <module>
    from eth_keyfile import (
  File "/home/cug/.local/lib/python3.8/site-packages/eth_keyfile/__init__.py", line 5, in <module>
    from eth_keyfile.keyfile import (
  File "/home/cug/.local/lib/python3.8/site-packages/eth_keyfile/keyfile.py", line 33, in <module>
    from eth_keys import (
  File "/home/cug/.local/lib/python3.8/site-packages/eth_keys/__init__.py", line 5, in <module>
    from .main import (
  File "/home/cug/.local/lib/python3.8/site-packages/eth_keys/main.py", line 1, in <module>
    from eth_utils import (
  File "/home/cug/.local/lib/python3.8/site-packages/eth_utils/__init__.py", line 36, in <module>
    from .applicators import (
  File "/home/cug/.local/lib/python3.8/site-packages/eth_utils/applicators.py", line 18, in <module>
    from .pydantic import (
  File "/home/cug/.local/lib/python3.8/site-packages/eth_utils/pydantic.py", line 7, in <module>
    from pydantic import (
  File "/home/cug/.local/lib/python3.8/site-packages/pydantic/__init__.py", line 421, in __getattr__
    module = import_module(module_name, package=package)
  File "/usr/lib/python3.8/importlib/__init__.py", line 127, in import_module
    return _bootstrap._gcd_import(name[level:], package, level)
  File "/home/cug/.local/lib/python3.8/site-packages/pydantic/main.py", line 29, in <module>
    import pydantic_core
  File "/home/cug/.local/lib/python3.8/site-packages/pydantic_core/__init__.py", line 6, in <module>
    from ._pydantic_core import (
ImportError: PyO3 modules compiled for CPython 3.8 or older may only be initialized once per interpreter process
AttributeError: module '__main__' has no attribute 'init'
Traceback (most recent call last):
  File "/home/cug/thesis/blockchain-simulations/FloorEstimation/controllers/main.py", line 24, in <module>
    from console import *
  File "/home/cug/thesis/blockchain-simulations/FloorEstimation/controllers/console.py", line 5, in <module>
    from web3 import Web3, HTTPProvider
  File "/home/cug/.local/lib/python3.8/site-packages/web3/__init__.py", line 1, in <module>
    from eth_account import Account  # noqa: E402
  File "/home/cug/.local/lib/python3.8/site-packages/eth_account/__init__.py", line 5, in <module>
    from eth_account.account import (
  File "/home/cug/.local/lib/python3.8/site-packages/eth_account/account.py", line 19, in <module>
    from eth_keyfile import (
  File "/home/cug/.local/lib/python3.8/site-packages/eth_keyfile/__init__.py", line 5, in <module>
    from eth_keyfile.keyfile import (
  File "/home/cug/.local/lib/python3.8/site-packages/eth_keyfile/keyfile.py", line 33, in <module>
    from eth_keys import (
  File "/home/cug/.local/lib/python3.8/site-packages/eth_keys/__init__.py", line 5, in <module>
    from .main import (
  File "/home/cug/.local/lib/python3.8/site-packages/eth_keys/main.py", line 1, in <module>
    from eth_utils import (
  File "/home/cug/.local/lib/python3.8/site-packages/eth_utils/__init__.py", line 36, in <module>
    from .applicators import (
  File "/home/cug/.local/lib/python3.8/site-packages/eth_utils/applicators.py", line 18, in <module>
    from .pydantic import (
  File "/home/cug/.local/lib/python3.8/site-packages/eth_utils/pydantic.py", line 7, in <module>
    from pydantic import (
  File "/home/cug/.local/lib/python3.8/site-packages/pydantic/__init__.py", line 421, in __getattr__
    module = import_module(module_name, package=package)
  File "/usr/lib/python3.8/importlib/__init__.py", line 127, in import_module
    return _bootstrap._gcd_import(name[level:], package, level)
  File "/home/cug/.local/lib/python3.8/site-packages/pydantic/main.py", line 29, in <module>
    import pydantic_core
  File "/home/cug/.local/lib/python3.8/site-packages/pydantic_core/__init__.py", line 6, in <module>
    from ._pydantic_core import (
ImportError: PyO3 modules compiled for CPython 3.8 or older may only be initialized once per interpreter process
AttributeError: module '__main__' has no attribute 'init'
AttributeError: module '__main__' has no attribute 'destroy'
Traceback (most recent call last):
  File "/home/cug/thesis/blockchain-simulations/FloorEstimation/controllers/main.py", line 24, in <module>
    from console import *
  File "/home/cug/thesis/blockchain-simulations/FloorEstimation/controllers/console.py", line 5, in <module>
    from web3 import Web3, HTTPProvider
  File "/home/cug/.local/lib/python3.8/site-packages/web3/__init__.py", line 1, in <module>
    from eth_account import Account  # noqa: E402
  File "/home/cug/.local/lib/python3.8/site-packages/eth_account/__init__.py", line 5, in <module>
    from eth_account.account import (
  File "/home/cug/.local/lib/python3.8/site-packages/eth_account/account.py", line 19, in <module>
    from eth_keyfile import (
  File "/home/cug/.local/lib/python3.8/site-packages/eth_keyfile/__init__.py", line 5, in <module>
    from eth_keyfile.keyfile import (
  File "/home/cug/.local/lib/python3.8/site-packages/eth_keyfile/keyfile.py", line 33, in <module>
    from eth_keys import (
  File "/home/cug/.local/lib/python3.8/site-packages/eth_keys/__init__.py", line 5, in <module>
    from .main import (
  File "/home/cug/.local/lib/python3.8/site-packages/eth_keys/main.py", line 1, in <module>
    from eth_utils import (
  File "/home/cug/.local/lib/python3.8/site-packages/eth_utils/__init__.py", line 36, in <module>
    from .applicators import (
  File "/home/cug/.local/lib/python3.8/site-packages/eth_utils/applicators.py", line 18, in <module>
    from .pydantic import (
  File "/home/cug/.local/lib/python3.8/site-packages/eth_utils/pydantic.py", line 7, in <module>
    from pydantic import (
  File "/home/cug/.local/lib/python3.8/site-packages/pydantic/__init__.py", line 421, in __getattr__
    module = import_module(module_name, package=package)
  File "/usr/lib/python3.8/importlib/__init__.py", line 127, in import_module
    return _bootstrap._gcd_import(name[level:], package, level)
  File "/home/cug/.local/lib/python3.8/site-packages/pydantic/main.py", line 29, in <module>
    import pydantic_core
  File "/home/cug/.local/lib/python3.8/site-packages/pydantic_core/__init__.py", line 6, in <module>
    from ._pydantic_core import (
ImportError: PyO3 modules compiled for CPython 3.8 or older may only be initialized once per interpreter process
AttributeError: module '__main__' has no attribute 'init'
AttributeError: module '__main__' has no attribute 'destroy'
Traceback (most recent call last):
  File "/home/cug/thesis/blockchain-simulations/FloorEstimation/controllers/main.py", line 24, in <module>
    from console import *
  File "/home/cug/thesis/blockchain-simulations/FloorEstimation/controllers/console.py", line 5, in <module>
    from web3 import Web3, HTTPProvider
  File "/home/cug/.local/lib/python3.8/site-packages/web3/__init__.py", line 1, in <module>
    from eth_account import Account  # noqa: E402
  File "/home/cug/.local/lib/python3.8/site-packages/eth_account/__init__.py", line 5, in <module>
    from eth_account.account import (
  File "/home/cug/.local/lib/python3.8/site-packages/eth_account/account.py", line 19, in <module>
    from eth_keyfile import (
  File "/home/cug/.local/lib/python3.8/site-packages/eth_keyfile/__init__.py", line 5, in <module>
    from eth_keyfile.keyfile import (
  File "/home/cug/.local/lib/python3.8/site-packages/eth_keyfile/keyfile.py", line 33, in <module>
    from eth_keys import (
  File "/home/cug/.local/lib/python3.8/site-packages/eth_keys/__init__.py", line 5, in <module>
    from .main import (
  File "/home/cug/.local/lib/python3.8/site-packages/eth_keys/main.py", line 1, in <module>
    from eth_utils import (
  File "/home/cug/.local/lib/python3.8/site-packages/eth_utils/__init__.py", line 36, in <module>
    from .applicators import (
  File "/home/cug/.local/lib/python3.8/site-packages/eth_utils/applicators.py", line 18, in <module>
    from .pydantic import (
  File "/home/cug/.local/lib/python3.8/site-packages/eth_utils/pydantic.py", line 7, in <module>
    from pydantic import (
  File "/home/cug/.local/lib/python3.8/site-packages/pydantic/__init__.py", line 421, in __getattr__
    module = import_module(module_name, package=package)
  File "/usr/lib/python3.8/importlib/__init__.py", line 127, in import_module
    return _bootstrap._gcd_import(name[level:], package, level)
  File "/home/cug/.local/lib/python3.8/site-packages/pydantic/main.py", line 29, in <module>
    import pydantic_core
  File "/home/cug/.local/lib/python3.8/site-packages/pydantic_core/__init__.py", line 6, in <module>
    from ._pydantic_core import (
ImportError: PyO3 modules compiled for CPython 3.8 or older may only be initialized once per interpreter process
AttributeError: module '__main__' has no attribute 'init'
Traceback (most recent call last):
  File "/home/cug/thesis/blockchain-simulations/FloorEstimation/controllers/main.py", line 24, in <module>
    from console import *
  File "/home/cug/thesis/blockchain-simulations/FloorEstimation/controllers/console.py", line 5, in <module>
    from web3 import Web3, HTTPProvider
  File "/home/cug/.local/lib/python3.8/site-packages/web3/__init__.py", line 1, in <module>
    from eth_account import Account  # noqa: E402
  File "/home/cug/.local/lib/python3.8/site-packages/eth_account/__init__.py", line 5, in <module>
    from eth_account.account import (
  File "/home/cug/.local/lib/python3.8/site-packages/eth_account/account.py", line 19, in <module>
    from eth_keyfile import (
  File "/home/cug/.local/lib/python3.8/site-packages/eth_keyfile/__init__.py", line 5, in <module>
    from eth_keyfile.keyfile import (
  File "/home/cug/.local/lib/python3.8/site-packages/eth_keyfile/keyfile.py", line 33, in <module>
    from eth_keys import (
  File "/home/cug/.local/lib/python3.8/site-packages/eth_keys/__init__.py", line 5, in <module>
    from .main import (
  File "/home/cug/.local/lib/python3.8/site-packages/eth_keys/main.py", line 1, in <module>
    from eth_utils import (
  File "/home/cug/.local/lib/python3.8/site-packages/eth_utils/__init__.py", line 36, in <module>
    from .applicators import (
  File "/home/cug/.local/lib/python3.8/site-packages/eth_utils/applicators.py", line 18, in <module>
    from .pydantic import (
  File "/home/cug/.local/lib/python3.8/site-packages/eth_utils/pydantic.py", line 7, in <module>
    from pydantic import (
  File "/home/cug/.local/lib/python3.8/site-packages/pydantic/__init__.py", line 421, in __getattr__
    module = import_module(module_name, package=package)
  File "/usr/lib/python3.8/importlib/__init__.py", line 127, in import_module
    return _bootstrap._gcd_import(name[level:], package, level)
  File "/home/cug/.local/lib/python3.8/site-packages/pydantic/main.py", line 29, in <module>
    import pydantic_core
  File "/home/cug/.local/lib/python3.8/site-packages/pydantic_core/__init__.py", line 6, in <module>
    from ._pydantic_core import (
ImportError: PyO3 modules compiled for CPython 3.8 or older may only be initialized once per interpreter process
AttributeError: module '__main__' has no attribute 'init'
AttributeError: module '__main__' has no attribute 'destroy'
Traceback (most recent call last):
  File "/home/cug/thesis/blockchain-simulations/FloorEstimation/controllers/main.py", line 24, in <module>
    from console import *
  File "/home/cug/thesis/blockchain-simulations/FloorEstimation/controllers/console.py", line 5, in <module>
    from web3 import Web3, HTTPProvider
  File "/home/cug/.local/lib/python3.8/site-packages/web3/__init__.py", line 1, in <module>
    from eth_account import Account  # noqa: E402
  File "/home/cug/.local/lib/python3.8/site-packages/eth_account/__init__.py", line 5, in <module>
    from eth_account.account import (
  File "/home/cug/.local/lib/python3.8/site-packages/eth_account/account.py", line 19, in <module>
    from eth_keyfile import (
  File "/home/cug/.local/lib/python3.8/site-packages/eth_keyfile/__init__.py", line 5, in <module>
    from eth_keyfile.keyfile import (
  File "/home/cug/.local/lib/python3.8/site-packages/eth_keyfile/keyfile.py", line 33, in <module>
    from eth_keys import (
  File "/home/cug/.local/lib/python3.8/site-packages/eth_keys/__init__.py", line 5, in <module>
    from .main import (
  File "/home/cug/.local/lib/python3.8/site-packages/eth_keys/main.py", line 1, in <module>
    from eth_utils import (
  File "/home/cug/.local/lib/python3.8/site-packages/eth_utils/__init__.py", line 36, in <module>
    from .applicators import (
  File "/home/cug/.local/lib/python3.8/site-packages/eth_utils/applicators.py", line 18, in <module>
    from .pydantic import (
  File "/home/cug/.local/lib/python3.8/site-packages/eth_utils/pydantic.py", line 7, in <module>
    from pydantic import (
  File "/home/cug/.local/lib/python3.8/site-packages/pydantic/__init__.py", line 421, in __getattr__
    module = import_module(module_name, package=package)
  File "/usr/lib/python3.8/importlib/__init__.py", line 127, in import_module
    return _bootstrap._gcd_import(name[level:], package, level)
  File "/home/cug/.local/lib/python3.8/site-packages/pydantic/main.py", line 29, in <module>
    import pydantic_core
  File "/home/cug/.local/lib/python3.8/site-packages/pydantic_core/__init__.py", line 6, in <module>
    from ._pydantic_core import (
ImportError: PyO3 modules compiled for CPython 3.8 or older may only be initialized once per interpreter process
AttributeError: module '__main__' has no attribute 'init'
Traceback (most recent call last):
  File "/home/cug/thesis/blockchain-simulations/FloorEstimation/controllers/main.py", line 24, in <module>
    from console import *
  File "/home/cug/thesis/blockchain-simulations/FloorEstimation/controllers/console.py", line 5, in <module>
    from web3 import Web3, HTTPProvider
  File "/home/cug/.local/lib/python3.8/site-packages/web3/__init__.py", line 1, in <module>
    from eth_account import Account  # noqa: E402
  File "/home/cug/.local/lib/python3.8/site-packages/eth_account/__init__.py", line 5, in <module>
    from eth_account.account import (
  File "/home/cug/.local/lib/python3.8/site-packages/eth_account/account.py", line 19, in <module>
    from eth_keyfile import (
  File "/home/cug/.local/lib/python3.8/site-packages/eth_keyfile/__init__.py", line 5, in <module>
    from eth_keyfile.keyfile import (
  File "/home/cug/.local/lib/python3.8/site-packages/eth_keyfile/keyfile.py", line 33, in <module>
    from eth_keys import (
  File "/home/cug/.local/lib/python3.8/site-packages/eth_keys/__init__.py", line 5, in <module>
    from .main import (
  File "/home/cug/.local/lib/python3.8/site-packages/eth_keys/main.py", line 1, in <module>
    from eth_utils import (
  File "/home/cug/.local/lib/python3.8/site-packages/eth_utils/__init__.py", line 36, in <module>
    from .applicators import (
  File "/home/cug/.local/lib/python3.8/site-packages/eth_utils/applicators.py", line 18, in <module>
    from .pydantic import (
  File "/home/cug/.local/lib/python3.8/site-packages/eth_utils/pydantic.py", line 7, in <module>
    from pydantic import (
  File "/home/cug/.local/lib/python3.8/site-packages/pydantic/__init__.py", line 421, in __getattr__
    module = import_module(module_name, package=package)
  File "/usr/lib/python3.8/importlib/__init__.py", line 127, in import_module
    return _bootstrap._gcd_import(name[level:], package, level)
  File "/home/cug/.local/lib/python3.8/site-packages/pydantic/main.py", line 29, in <module>
    import pydantic_core
  File "/home/cug/.local/lib/python3.8/site-packages/pydantic_core/__init__.py", line 6, in <module>
    from ._pydantic_core import (
ImportError: PyO3 modules compiled for CPython 3.8 or older may only be initialized once per interpreter process
AttributeError: module '__main__' has no attribute 'init'
Traceback (most recent call last):
  File "/home/cug/thesis/blockchain-simulations/FloorEstimation/controllers/main.py", line 24, in <module>
    from console import *
  File "/home/cug/thesis/blockchain-simulations/FloorEstimation/controllers/console.py", line 5, in <module>
    from web3 import Web3, HTTPProvider
  File "/home/cug/.local/lib/python3.8/site-packages/web3/__init__.py", line 1, in <module>
    from eth_account import Account  # noqa: E402
  File "/home/cug/.local/lib/python3.8/site-packages/eth_account/__init__.py", line 5, in <module>
    from eth_account.account import (
  File "/home/cug/.local/lib/python3.8/site-packages/eth_account/account.py", line 19, in <module>
    from eth_keyfile import (
  File "/home/cug/.local/lib/python3.8/site-packages/eth_keyfile/__init__.py", line 5, in <module>
    from eth_keyfile.keyfile import (
  File "/home/cug/.local/lib/python3.8/site-packages/eth_keyfile/keyfile.py", line 33, in <module>
    from eth_keys import (
  File "/home/cug/.local/lib/python3.8/site-packages/eth_keys/__init__.py", line 5, in <module>
    from .main import (
  File "/home/cug/.local/lib/python3.8/site-packages/eth_keys/main.py", line 1, in <module>
    from eth_utils import (
  File "/home/cug/.local/lib/python3.8/site-packages/eth_utils/__init__.py", line 36, in <module>
    from .applicators import (
  File "/home/cug/.local/lib/python3.8/site-packages/eth_utils/applicators.py", line 18, in <module>
    from .pydantic import (
  File "/home/cug/.local/lib/python3.8/site-packages/eth_utils/pydantic.py", line 7, in <module>
    from pydantic import (
  File "/home/cug/.local/lib/python3.8/site-packages/pydantic/__init__.py", line 421, in __getattr__
    module = import_module(module_name, package=package)
  File "/usr/lib/python3.8/importlib/__init__.py", line 127, in import_module
    return _bootstrap._gcd_import(name[level:], package, level)
  File "/home/cug/.local/lib/python3.8/site-packages/pydantic/main.py", line 29, in <module>
    import pydantic_core
  File "/home/cug/.local/lib/python3.8/site-packages/pydantic_core/__init__.py", line 6, in <module>
    from ._pydantic_core import (
ImportError: PyO3 modules compiled for CPython 3.8 or older may only be initialized once per interpreter process
AttributeError: module '__main__' has no attribute 'init'
Traceback (most recent call last):
  File "/home/cug/thesis/blockchain-simulations/FloorEstimation/controllers/main.py", line 24, in <module>
    from console import *
  File "/home/cug/thesis/blockchain-simulations/FloorEstimation/controllers/console.py", line 5, in <module>
    from web3 import Web3, HTTPProvider
  File "/home/cug/.local/lib/python3.8/site-packages/web3/__init__.py", line 1, in <module>
    from eth_account import Account  # noqa: E402
  File "/home/cug/.local/lib/python3.8/site-packages/eth_account/__init__.py", line 5, in <module>
    from eth_account.account import (
  File "/home/cug/.local/lib/python3.8/site-packages/eth_account/account.py", line 19, in <module>
    from eth_keyfile import (
  File "/home/cug/.local/lib/python3.8/site-packages/eth_keyfile/__init__.py", line 5, in <module>
    from eth_keyfile.keyfile import (
  File "/home/cug/.local/lib/python3.8/site-packages/eth_keyfile/keyfile.py", line 33, in <module>
    from eth_keys import (
  File "/home/cug/.local/lib/python3.8/site-packages/eth_keys/__init__.py", line 5, in <module>
    from .main import (
  File "/home/cug/.local/lib/python3.8/site-packages/eth_keys/main.py", line 1, in <module>
    from eth_utils import (
  File "/home/cug/.local/lib/python3.8/site-packages/eth_utils/__init__.py", line 36, in <module>
    from .applicators import (
  File "/home/cug/.local/lib/python3.8/site-packages/eth_utils/applicators.py", line 18, in <module>
    from .pydantic import (
  File "/home/cug/.local/lib/python3.8/site-packages/eth_utils/pydantic.py", line 7, in <module>
    from pydantic import (
  File "/home/cug/.local/lib/python3.8/site-packages/pydantic/__init__.py", line 421, in __getattr__
    module = import_module(module_name, package=package)
  File "/usr/lib/python3.8/importlib/__init__.py", line 127, in import_module
    return _bootstrap._gcd_import(name[level:], package, level)
  File "/home/cug/.local/lib/python3.8/site-packages/pydantic/main.py", line 29, in <module>
    import pydantic_core
  File "/home/cug/.local/lib/python3.8/site-packages/pydantic_core/__init__.py", line 6, in <module>
    from ._pydantic_core import (
ImportError: PyO3 modules compiled for CPython 3.8 or older may only be initialized once per interpreter process
AttributeError: module '__main__' has no attribute 'init'
AttributeError: module '__main__' has no attribute 'controlstep'
AttributeError: module '__main__' has no attribute 'controlstep'
AttributeError: module '__main__' has no attribute 'controlstep'
AttributeError: module '__main__' has no attribute 'controlstep'
AttributeError: module '__main__' has no attribute 'controlstep'
AttributeError: module '__main__' has no attribute 'controlstep'
AttributeError: module '__main__' has no attribute 'controlstep'
AttributeError: module '__main__' has no attribute 'controlstep'
AttributeError: module '__main__' has no attribute 'controlstep'
AttributeError: module '__main__' has no attribute 'controlstep'
AttributeError: module '__main__' has no attribute 'controlstep'
AttributeError: module '__main__' has no attribute 'controlstep'
AttributeError: module '__main__' has no attribute 'controlstep'
AttributeError: module '__main__' has no attribute 'controlstep'
AttributeError: module '__main__' has no attribute 'controlstep'
AttributeError: module '__main__' has no attribute 'controlstep'
AttributeError: module '__main__' has no attribute 'controlstep'
AttributeError: module '__main__' has no attribute 'controlstep'
AttributeError: module '__main__' has no attribute 'controlstep'
AttributeError: module '__main__' has no attribute 'controlstep'
AttributeError: module '__main__' has no attribute 'controlstep'
AttributeError: module '__main__' has no attribute 'controlstep'
AttributeError: module '__main__' has no attribute 'controlstep'
AttributeError: module '__main__' has no attribute 'controlstep'
AttributeError: module '__main__' has no attribute 'controlstep'
AttributeError: module '__main__' has no attribute 'controlstep'
AttributeError: module '__main__' has no attribute 'controlstep'
AttributeError: module '__main__' has no attribute 'controlstep'
AttributeError: module '__main__' has no attribute 'controlstep'
AttributeError: module '__main__' has no attribute 'controlstep'
AttributeError: module '__main__' has no attribute 'controlstep'
AttributeError: module '__main__' has no attribute 'controlstep'
AttributeError: module '__main__' has no attribute 'controlstep'
AttributeError: module '__main__' has no attribute 'controlstep'
AttributeError: module '__main__' has no attribute 'controlstep'
AttributeError: module '__main__' has no attribute 'controlstep'
AttributeError: module '__main__' has no attribute 'controlstep'
AttributeError: module '__main__' has no attribute 'controlstep'
AttributeError: module '__main__' has no attribute 'controlstep'
AttributeError: module '__main__' has no attribute 'controlstep'
AttributeError: module '__main__' has no attribute 'controlstep'
AttributeError: module '__main__' has no attribute 'controlstep'
AttributeError: module '__main__' has no attribute 'controlstep'
AttributeError: module '__main__' has no attribute 'controlstep'
AttributeError: module '__main__' has no attribute 'controlstep'
AttributeError: module '__main__' has no attribute 'controlstep'
AttributeError: module '__main__' has no attribute 'controlstep'
AttributeError: module '__main__' has no attribute 'controlstep'
AttributeError: module '__main__' has no attribute 'controlstep'
AttributeError: module '__main__' has no attribute 'controlstep'
AttributeError: module '__main__' has no attribute 'controlstep'
AttributeError: module '__main__' has no attribute 'controlstep'
AttributeError: module '__main__' has no attribute 'controlstep'
AttributeError: module '__main__' has no attribute 'controlstep'
AttributeError: module '__main__' has no attribute 'controlstep'
AttributeError: module '__main__' has no attribute 'controlstep'
AttributeError: module '__main__' has no attribute 'controlstep'
AttributeError: module '__main__' has no attribute 'controlstep'
AttributeError: module '__main__' has no attribute 'controlstep'
AttributeError: module '__main__' has no attribute 'controlstep'
AttributeError: module '__main__' has no attribute 'controlstep'
AttributeError: module '__main__' has no attribute 'controlstep'
AttributeError: module '__main__' has no attribute 'controlstep'
AttributeError: module '__main__' has no attribute 'controlstep'
AttributeError: module '__main__' has no attribute 'controlstep'
AttributeError: module '__main__' has no attribute 'controlstep'
AttributeError: module '__main__' has no attribute 'controlstep'
AttributeError: module '__main__' has no attribute 'controlstep'
AttributeError: module '__main__' has no attribute 'controlstep'
AttributeError: module '__main__' has no attribute 'controlstep'
AttributeError: module '__main__' has no attribute 'controlstep'
AttributeError: module '__main__' has no attribute 'controlstep'
AttributeError: module '__main__' has no attribute 'controlstep'
AttributeError: module '__main__' has no attribute 'controlstep'
AttributeError: module '__main__' has no attribute 'controlstep'
AttributeError: module '__main__' has no attribute 'controlstep'
AttributeError: module '__main__' has no attribute 'controlstep'
AttributeError: module '__main__' has no attribute 'controlstep'
AttributeError: module '__main__' has no attribute 'controlstep'
AttributeError: module '__main__' has no attribute 'controlstep'
AttributeError: module '__main__' has no attribute 'controlstep'
AttributeError: module '__main__' has no attribute 'controlstep'
AttributeError: module '__main__' has no attribute 'controlstep'
AttributeError: module '__main__' has no attribute 'controlstep'
AttributeError: module '__main__' has no attribute 'controlstep'
AttributeError: module '__main__' has no attribute 'controlstep'
AttributeError: module '__main__' has no attribute 'controlstep'
AttributeError: module '__main__' has no attribute 'controlstep'
AttributeError: module '__main__' has no attribute 'controlstep'
AttributeError: module '__main__' has no attribute 'controlstep'
AttributeError: module '__main__' has no attribute 'controlstep'
AttributeError: module '__main__' has no attribute 'controlstep'
AttributeError: module '__main__' has no attribute 'controlstep'
AttributeError: module '__main__' has no attribute 'controlstep'
AttributeError: module '__main__' has no attribute 'controlstep'
AttributeError: module '__main__' has no attribute 'controlstep'
AttributeError: module '__main__' has no attribute 'controlstep'
AttributeError: module '__main__' has no attribute 'controlstep'
AttributeError: module '__main__' has no attribute 'controlstep'
AttributeError: module '__main__' has no attribute 'controlstep'
AttributeError: module '__main__' has no attribute 'controlstep'
AttributeError: module '__main__' has no attribute 'controlstep'
AttributeError: module '__main__' has no attribute 'controlstep'
AttributeError: module '__main__' has no attribute 'controlstep'
AttributeError: module '__main__' has no attribute 'controlstep'
AttributeError: module '__main__' has no attribute 'controlstep'
AttributeError: module '__main__' has no attribute 'controlstep'
AttributeError: module '__main__' has no attribute 'controlstep'
AttributeError: module '__main__' has no attribute 'controlstep'
AttributeError: module '__main__' has no attribute 'controlstep'
AttributeError: module '__main__' has no attribute 'controlstep'
AttributeError: module '__main__' has no attribute 'controlstep'
AttributeError: module '__main__' has no attribute 'controlstep'
AttributeError: module '__main__' has no attribute 'controlstep'
AttributeError: module '__main__' has no attribute 'controlstep'
AttributeError: module '__main__' has no attribute 'controlstep'
AttributeError: module '__main__' has no attribute 'controlstep'
AttributeError: module '__main__' has no attribute 'controlstep'
AttributeError: module '__main__' has no attribute 'controlstep'
AttributeError: module '__main__' has no attribute 'controlstep'
AttributeError: module '__main__' has no attribute 'controlstep'
AttributeError: module '__main__' has no attribute 'controlstep'
AttributeError: module '__main__' has no attribute 'controlstep'
AttributeError: module '__main__' has no attribute 'controlstep'
AttributeError: module '__main__' has no attribute 'controlstep'
AttributeError: module '__main__' has no attribute 'controlstep'
AttributeError: module '__main__' has no attribute 'controlstep'
AttributeError: module '__main__' has no attribute 'controlstep'
AttributeError: module '__main__' has no attribute 'controlstep'
AttributeError: module '__main__' has no attribute 'controlstep'
AttributeError: module '__main__' has no attribute 'controlstep'
AttributeError: module '__main__' has no attribute 'controlstep'
AttributeError: module '__main__' has no attribute 'controlstep'
AttributeError: module '__main__' has no attribute 'controlstep'
AttributeError: module '__main__' has no attribute 'controlstep'
AttributeError: module '__main__' has no attribute 'controlstep'
AttributeError: module '__main__' has no attribute 'controlstep'
AttributeError: module '__main__' has no attribute 'controlstep'
AttributeError: module '__main__' has no attribute 'controlstep'
AttributeError: module '__main__' has no attribute 'controlstep'
AttributeError: module '__main__' has no attribute 'controlstep'
AttributeError: module '__main__' has no attribute 'controlstep'
AttributeError: module '__main__' has no attribute 'controlstep'
AttributeError: module '__main__' has no attribute 'controlstep'
AttributeError: module '__main__' has no attribute 'controlstep'
AttributeError: module '__main__' has no attribute 'controlstep'
AttributeError: module '__main__' has no attribute 'controlstep'
AttributeError: module '__main__' has no attribute 'controlstep'
AttributeError: module '__main__' has no attribute 'controlstep'
AttributeError: module '__main__' has no attribute 'controlstep'
AttributeError: module '__main__' has no attribute 'controlstep'
AttributeError: module '__main__' has no attribute 'controlstep'
AttributeError: module '__main__' has no attribute 'controlstep'
AttributeError: module '__main__' has no attribute 'controlstep'
AttributeError: module '__main__' has no attribute 'controlstep'
AttributeError: module '__main__' has no attribute 'controlstep'
AttributeError: module '__main__' has no attribute 'controlstep'
AttributeError: module '__main__' has no attribute 'controlstep'
AttributeError: module '__main__' has no attribute 'controlstep'
AttributeError: module '__main__' has no attribute 'controlstep'
AttributeError: module '__main__' has no attribute 'controlstep'
AttributeError: module '__main__' has no attribute 'controlstep'
AttributeError: module '__main__' has no attribute 'controlstep'
AttributeError: module '__main__' has no attribute 'controlstep'
AttributeError: module '__main__' has no attribute 'controlstep'
AttributeError: module '__main__' has no attribute 'controlstep'
AttributeError: module '__main__' has no attribute 'controlstep'
AttributeError: module '__main__' has no attribute 'controlstep'
AttributeError: module '__main__' has no attribute 'controlstep'
AttributeError: module '__main__' has no attribute 'controlstep'
AttributeError: module '__main__' has no attribute 'controlstep'
AttributeError: module '__main__' has no attribute 'controlstep'
AttributeError: module '__main__' has no attribute 'controlstep'
AttributeError: module '__main__' has no attribute 'controlstep'
AttributeError: module '__main__' has no attribute 'controlstep'
AttributeError: module '__main__' has no attribute 'controlstep'
AttributeError: module '__main__' has no attribute 'controlstep'
AttributeError: module '__main__' has no attribute 'controlstep'
AttributeError: module '__main__' has no attribute 'controlstep'
AttributeError: module '__main__' has no attribute 'controlstep'
AttributeError: module '__main__' has no attribute 'controlstep'
AttributeError: module '__main__' has no attribute 'controlstep'
AttributeError: module '__main__' has no attribute 'controlstep'
AttributeError: module '__main__' has no attribute 'controlstep'
AttributeError: module '__main__' has no attribute 'controlstep'
AttributeError: module '__main__' has no attribute 'controlstep'
AttributeError: module '__main__' has no attribute 'controlstep'
AttributeError: module '__main__' has no attribute 'controlstep'
AttributeError: module '__main__' has no attribute 'controlstep'
AttributeError: module '__main__' has no attribute 'controlstep'
AttributeError: module '__main__' has no attribute 'controlstep'
AttributeError: module '__main__' has no attribute 'controlstep'
AttributeError: module '__main__' has no attribute 'controlstep'
AttributeError: module '__main__' has no attribute 'controlstep'
AttributeError: module '__main__' has no attribute 'controlstep'
AttributeError: module '__main__' has no attribute 'controlstep'
AttributeError: module '__main__' has no attribute 'controlstep'
AttributeError: module '__main__' has no attribute 'controlstep'
AttributeError: module '__main__' has no attribute 'controlstep'
AttributeError: module '__main__' has no attribute 'controlstep'
AttributeError: module '__main__' has no attribute 'controlstep'
AttributeError: module '__main__' has no attribute 'controlstep'
AttributeError: module '__main__' has no attribute 'controlstep'
AttributeError: module '__main__' has no attribute 'controlstep'
AttributeError: module '__main__' has no attribute 'controlstep'
AttributeError: module '__main__' has no attribute 'controlstep'
AttributeError: module '__main__' has no attribute 'controlstep'
AttributeError: module '__main__' has no attribute 'controlstep'
AttributeError: module '__main__' has no attribute 'controlstep'
AttributeError: module '__main__' has no attribute 'controlstep'
AttributeError: module '__main__' has no attribute 'controlstep'
AttributeError: module '__main__' has no attribute 'controlstep'
AttributeError: module '__main__' has no attribute 'controlstep'
AttributeError: module '__main__' has no attribute 'controlstep'
AttributeError: module '__main__' has no attribute 'controlstep'
AttributeError: module '__main__' has no attribute 'controlstep'
AttributeError: module '__main__' has no attribute 'controlstep'
AttributeError: module '__main__' has no attribute 'controlstep'
AttributeError: module '__main__' has no attribute 'controlstep'
AttributeError: module '__main__' has no attribute 'controlstep'
AttributeError: module '__main__' has no attribute 'controlstep'
AttributeError: module '__main__' has no attribute 'controlstep'
AttributeError: module '__main__' has no attribute 'controlstep'
AttributeError: module '__main__' has no attribute 'controlstep'
AttributeError: module '__main__' has no attribute 'controlstep'
AttributeError: module '__main__' has no attribute 'controlstep'
AttributeError: module '__main__' has no attribute 'controlstep'
AttributeError: module '__main__' has no attribute 'controlstep'
AttributeError: module '__main__' has no attribute 'controlstep'
AttributeError: module '__main__' has no attribute 'controlstep'
AttributeError: module '__main__' has no attribute 'controlstep'
AttributeError: module '__main__' has no attribute 'controlstep'
AttributeError: module '__main__' has no attribute 'controlstep'
AttributeError: module '__main__' has no attribute 'controlstep'
AttributeError: module '__main__' has no attribute 'controlstep'
AttributeError: module '__main__' has no attribute 'controlstep'
AttributeError: module '__main__' has no attribute 'controlstep'
AttributeError: module '__main__' has no attribute 'controlstep'
AttributeError: module '__main__' has no attribute 'controlstep'
AttributeError: module '__main__' has no attribute 'controlstep'
AttributeError: module '__main__' has no attribute 'controlstep'
AttributeError: module '__main__' has no attribute 'controlstep'
AttributeError: module '__main__' has no attribute 'controlstep'
AttributeError: module '__main__' has no attribute 'controlstep'
AttributeError: module '__main__' has no attribute 'controlstep'
AttributeError: module '__main__' has no attribute 'controlstep'
AttributeError: module '__main__' has no attribute 'controlstep'
AttributeError: module '__main__' has no attribute 'controlstep'
AttributeError: module '__main__' has no attribute 'controlstep'
AttributeError: module '__main__' has no attribute 'controlstep'
AttributeError: module '__main__' has no attribute 'controlstep'
AttributeError: module '__main__' has no attribute 'controlstep'
AttributeError: module '__main__' has no attribute 'controlstep'
AttributeError: module '__main__' has no attribute 'controlstep'
AttributeError: module '__main__' has no attribute 'controlstep'
AttributeError: module '__main__' has no attribute 'controlstep'
AttributeError: module '__main__' has no attribute 'controlstep'
AttributeError: module '__main__' has no attribute 'controlstep'
AttributeError: module '__main__' has no attribute 'controlstep'
AttributeError: module '__main__' has no attribute 'controlstep'
AttributeError: module '__main__' has no attribute 'controlstep'
AttributeError: module '__main__' has no attribute 'controlstep'
AttributeError: module '__main__' has no attribute 'controlstep'
AttributeError: module '__main__' has no attribute 'controlstep'
AttributeError: module '__main__' has no attribute 'controlstep'
AttributeError: module '__main__' has no attribute 'controlstep'
AttributeError: module '__main__' has no attribute 'controlstep'
AttributeError: module '__main__' has no attribute 'controlstep'
AttributeError: module '__main__' has no attribute 'controlstep'
AttributeError: module '__main__' has no attribute 'controlstep'
AttributeError: module '__main__' has no attribute 'controlstep'
AttributeError: module '__main__' has no attribute 'controlstep'
AttributeError: module '__main__' has no attribute 'controlstep'
AttributeError: module '__main__' has no attribute 'controlstep'
AttributeError: module '__main__' has no attribute 'controlstep'
AttributeError: module '__main__' has no attribute 'controlstep'
AttributeError: module '__main__' has no attribute 'controlstep'
AttributeError: module '__main__' has no attribute 'controlstep'
AttributeError: module '__main__' has no attribute 'controlstep'
AttributeError: module '__main__' has no attribute 'controlstep'
AttributeError: module '__main__' has no attribute 'controlstep'
AttributeError: module '__main__' has no attribute 'controlstep'
AttributeError: module '__main__' has no attribute 'controlstep'
AttributeError: module '__main__' has no attribute 'controlstep'
AttributeError: module '__main__' has no attribute 'controlstep'
AttributeError: module '__main__' has no attribute 'controlstep'
AttributeError: module '__main__' has no attribute 'controlstep'
AttributeError: module '__main__' has no attribute 'controlstep'
AttributeError: module '__main__' has no attribute 'controlstep'
AttributeError: module '__main__' has no attribute 'controlstep'
AttributeError: module '__main__' has no attribute 'controlstep'
AttributeError: module '__main__' has no attribute 'controlstep'
AttributeError: module '__main__' has no attribute 'controlstep'
AttributeError: module '__main__' has no attribute 'controlstep'
AttributeError: module '__main__' has no attribute 'controlstep'
AttributeError: module '__main__' has no attribute 'controlstep'
AttributeError: module '__main__' has no attribute 'controlstep'
AttributeError: module '__main__' has no attribute 'controlstep'
AttributeError: module '__main__' has no attribute 'controlstep'
AttributeError: module '__main__' has no attribute 'controlstep'
AttributeError: module '__main__' has no attribute 'controlstep'
AttributeError: module '__main__' has no attribute 'controlstep'
AttributeError: module '__main__' has no attribute 'controlstep'
AttributeError: module '__main__' has no attribute 'controlstep'
AttributeError: module '__main__' has no attribute 'controlstep'
AttributeError: module '__main__' has no attribute 'controlstep'
AttributeError: module '__main__' has no attribute 'controlstep'
AttributeError: module '__main__' has no attribute 'controlstep'
AttributeError: module '__main__' has no attribute 'controlstep'
AttributeError: module '__main__' has no attribute 'controlstep'
AttributeError: module '__main__' has no attribute 'controlstep'
AttributeError: module '__main__' has no attribute 'controlstep'
AttributeError: module '__main__' has no attribute 'controlstep'
AttributeError: module '__main__' has no attribute 'controlstep'
AttributeError: module '__main__' has no attribute 'controlstep'
AttributeError: module '__main__' has no attribute 'controlstep'
AttributeError: module '__main__' has no attribute 'controlstep'
AttributeError: module '__main__' has no attribute 'controlstep'
AttributeError: module '__main__' has no attribute 'controlstep'
AttributeError: module '__main__' has no attribute 'controlstep'
AttributeError: module '__main__' has no attribute 'controlstep'
AttributeError: module '__main__' has no attribute 'controlstep'
AttributeError: module '__main__' has no attribute 'controlstep'
AttributeError: module '__main__' has no attribute 'controlstep'
AttributeError: module '__main__' has no attribute 'controlstep'
AttributeError: module '__main__' has no attribute 'controlstep'
AttributeError: module '__main__' has no attribute 'controlstep'
AttributeError: module '__main__' has no attribute 'controlstep'
AttributeError: module '__main__' has no attribute 'controlstep'
AttributeError: module '__main__' has no attribute 'controlstep'
AttributeError: module '__main__' has no attribute 'controlstep'
AttributeError: module '__main__' has no attribute 'controlstep'
AttributeError: module '__main__' has no attribute 'controlstep'
AttributeError: module '__main__' has no attribute 'controlstep'
AttributeError: module '__main__' has no attribute 'controlstep'
AttributeError: module '__main__' has no attribute 'controlstep'
AttributeError: module '__main__' has no attribute 'controlstep'
AttributeError: module '__main__' has no attribute 'controlstep'
AttributeError: module '__main__' has no attribute 'controlstep'
AttributeError: module '__main__' has no attribute 'controlstep'
AttributeError: module '__main__' has no attribute 'controlstep'
AttributeError: module '__main__' has no attribute 'controlstep'
AttributeError: module '__main__' has no attribute 'controlstep'
AttributeError: module '__main__' has no attribute 'controlstep'
AttributeError: module '__main__' has no attribute 'controlstep'
AttributeError: module '__main__' has no attribute 'controlstep'
AttributeError: module '__main__' has no attribute 'controlstep'
AttributeError: module '__main__' has no attribute 'controlstep'
AttributeError: module '__main__' has no attribute 'controlstep'
AttributeError: module '__main__' has no attribute 'controlstep'
AttributeError: module '__main__' has no attribute 'controlstep'
AttributeError: module '__main__' has no attribute 'controlstep'
AttributeError: module '__main__' has no attribute 'controlstep'
AttributeError: module '__main__' has no attribute 'controlstep'
AttributeError: module '__main__' has no attribute 'controlstep'
AttributeError: module '__main__' has no attribute 'controlstep'
AttributeError: module '__main__' has no attribute 'controlstep'
AttributeError: module '__main__' has no attribute 'controlstep'
AttributeError: module '__main__' has no attribute 'controlstep'
AttributeError: module '__main__' has no attribute 'controlstep'
AttributeError: module '__main__' has no attribute 'controlstep'
AttributeError: module '__main__' has no attribute 'controlstep'
AttributeError: module '__main__' has no attribute 'controlstep'
AttributeError: module '__main__' has no attribute 'controlstep'
AttributeError: module '__main__' has no attribute 'controlstep'
AttributeError: module '__main__' has no attribute 'controlstep'
AttributeError: module '__main__' has no attribute 'controlstep'
AttributeError: module '__main__' has no attribute 'controlstep'
AttributeError: module '__main__' has no attribute 'controlstep'
AttributeError: module '__main__' has no attribute 'controlstep'
AttributeError: module '__main__' has no attribute 'controlstep'
AttributeError: module '__main__' has no attribute 'controlstep'
AttributeError: module '__main__' has no attribute 'controlstep'
AttributeError: module '__main__' has no attribute 'controlstep'
AttributeError: module '__main__' has no attribute 'controlstep'
AttributeError: module '__main__' has no attribute 'controlstep'
AttributeError: module '__main__' has no attribute 'controlstep'
AttributeError: module '__main__' has no attribute 'controlstep'
AttributeError: module '__main__' has no attribute 'controlstep'
AttributeError: module '__main__' has no attribute 'controlstep'
AttributeError: module '__main__' has no attribute 'controlstep'
AttributeError: module '__main__' has no attribute 'controlstep'
AttributeError: module '__main__' has no attribute 'controlstep'
AttributeError: module '__main__' has no attribute 'controlstep'
AttributeError: module '__main__' has no attribute 'controlstep'
AttributeError: module '__main__' has no attribute 'controlstep'
AttributeError: module '__main__' has no attribute 'controlstep'
AttributeError: module '__main__' has no attribute 'controlstep'
AttributeError: module '__main__' has no attribute 'controlstep'
AttributeError: module '__main__' has no attribute 'controlstep'
AttributeError: module '__main__' has no attribute 'controlstep'
AttributeError: module '__main__' has no attribute 'controlstep'
AttributeError: module '__main__' has no attribute 'controlstep'
AttributeError: module '__main__' has no attribute 'controlstep'
AttributeError: module '__main__' has no attribute 'controlstep'
AttributeError: module '__main__' has no attribute 'controlstep'
AttributeError: module '__main__' has no attribute 'controlstep'
AttributeError: module '__main__' has no attribute 'controlstep'
AttributeError: module '__main__' has no attribute 'controlstep'
AttributeError: module '__main__' has no attribute 'controlstep'
AttributeError: module '__main__' has no attribute 'controlstep'
AttributeError: module '__main__' has no attribute 'controlstep'
AttributeError: module '__main__' has no attribute 'controlstep'
AttributeError: module '__main__' has no attribute 'controlstep'
AttributeError: module '__main__' has no attribute 'controlstep'
AttributeError: module '__main__' has no attribute 'controlstep'
AttributeError: module '__main__' has no attribute 'controlstep'
AttributeError: module '__main__' has no attribute 'controlstep'
AttributeError: module '__main__' has no attribute 'controlstep'
AttributeError: module '__main__' has no attribute 'controlstep'
AttributeError: module '__main__' has no attribute 'controlstep'
AttributeError: module '__main__' has no attribute 'controlstep'
AttributeError: module '__main__' has no attribute 'controlstep'
AttributeError: module '__main__' has no attribute 'controlstep'
AttributeError: module '__main__' has no attribute 'controlstep'
AttributeError: module '__main__' has no attribute 'controlstep'
AttributeError: module '__main__' has no attribute 'controlstep'
AttributeError: module '__main__' has no attribute 'controlstep'
AttributeError: module '__main__' has no attribute 'controlstep'
AttributeError: module '__main__' has no attribute 'controlstep'
AttributeError: module '__main__' has no attribute 'controlstep'
AttributeError: module '__main__' has no attribute 'controlstep'
AttributeError: module '__main__' has no attribute 'controlstep'
AttributeError: module '__main__' has no attribute 'controlstep'
AttributeError: module '__main__' has no attribute 'controlstep'
AttributeError: module '__main__' has no attribute 'controlstep'
AttributeError: module '__main__' has no attribute 'controlstep'
AttributeError: module '__main__' has no attribute 'controlstep'
AttributeError: module '__main__' has no attribute 'controlstep'
AttributeError: module '__main__' has no attribute 'controlstep'
AttributeError: module '__main__' has no attribute 'controlstep'
AttributeError: module '__main__' has no attribute 'controlstep'
AttributeError: module '__main__' has no attribute 'controlstep'
AttributeError: module '__main__' has no attribute 'controlstep'
AttributeError: module '__main__' has no attribute 'controlstep'
AttributeError: module '__main__' has no attribute 'controlstep'
AttributeError: module '__main__' has no attribute 'controlstep'
AttributeError: module '__main__' has no attribute 'controlstep'
AttributeError: module '__main__' has no attribute 'controlstep'
AttributeError: module '__main__' has no attribute 'controlstep'
AttributeError: module '__main__' has no attribute 'controlstep'
AttributeError: module '__main__' has no attribute 'controlstep'
AttributeError: module '__main__' has no attribute 'controlstep'
AttributeError: module '__main__' has no attribute 'controlstep'
AttributeError: module '__main__' has no attribute 'controlstep'
AttributeError: module '__main__' has no attribute 'controlstep'
AttributeError: module '__main__' has no attribute 'controlstep'
AttributeError: module '__main__' has no attribute 'controlstep'
AttributeError: module '__main__' has no attribute 'controlstep'
AttributeError: module '__main__' has no attribute 'controlstep'
AttributeError: module '__main__' has no attribute 'controlstep'
AttributeError: module '__main__' has no attribute 'controlstep'
AttributeError: module '__main__' has no attribute 'controlstep'
AttributeError: module '__main__' has no attribute 'controlstep'
AttributeError: module '__main__' has no attribute 'controlstep'
AttributeError: module '__main__' has no attribute 'controlstep'
AttributeError: module '__main__' has no attribute 'controlstep'
AttributeError: module '__main__' has no attribute 'controlstep'
AttributeError: module '__main__' has no attribute 'controlstep'
AttributeError: module '__main__' has no attribute 'controlstep'
AttributeError: module '__main__' has no attribute 'controlstep'
AttributeError: module '__main__' has no attribute 'controlstep'
AttributeError: module '__main__' has no attribute 'controlstep'
AttributeError: module '__main__' has no attribute 'controlstep'
AttributeError: module '__main__' has no attribute 'controlstep'
AttributeError: module '__main__' has no attribute 'controlstep'
AttributeError: module '__main__' has no attribute 'controlstep'
AttributeError: module '__main__' has no attribute 'controlstep'
AttributeError: module '__main__' has no attribute 'controlstep'
AttributeError: module '__main__' has no attribute 'controlstep'
AttributeError: module '__main__' has no attribute 'controlstep'
AttributeError: module '__main__' has no attribute 'controlstep'
AttributeError: module '__main__' has no attribute 'controlstep'
AttributeError: module '__main__' has no attribute 'controlstep'
AttributeError: module '__main__' has no attribute 'controlstep'
AttributeError: module '__main__' has no attribute 'controlstep'
AttributeError: module '__main__' has no attribute 'controlstep'
AttributeError: module '__main__' has no attribute 'controlstep'
AttributeError: module '__main__' has no attribute 'controlstep'
AttributeError: module '__main__' has no attribute 'controlstep'
AttributeError: module '__main__' has no attribute 'controlstep'
AttributeError: module '__main__' has no attribute 'controlstep'
AttributeError: module '__main__' has no attribute 'controlstep'
AttributeError: module '__main__' has no attribute 'controlstep'
AttributeError: module '__main__' has no attribute 'controlstep'
AttributeError: module '__main__' has no attribute 'controlstep'
AttributeError: module '__main__' has no attribute 'controlstep'
AttributeError: module '__main__' has no attribute 'controlstep'
AttributeError: module '__main__' has no attribute 'controlstep'
AttributeError: module '__main__' has no attribute 'controlstep'
AttributeError: module '__main__' has no attribute 'controlstep'
AttributeError: module '__main__' has no attribute 'controlstep'
AttributeError: module '__main__' has no attribute 'controlstep'
AttributeError: module '__main__' has no attribute 'controlstep'
AttributeError: module '__main__' has no attribute 'controlstep'
AttributeError: module '__main__' has no attribute 'controlstep'
AttributeError: module '__main__' has no attribute 'controlstep'
AttributeError: module '__main__' has no attribute 'controlstep'
AttributeError: module '__main__' has no attribute 'controlstep'
AttributeError: module '__main__' has no attribute 'controlstep'
AttributeError: module '__main__' has no attribute 'controlstep'
AttributeError: module '__main__' has no attribute 'controlstep'
AttributeError: module '__main__' has no attribute 'controlstep'
AttributeError: module '__main__' has no attribute 'controlstep'
AttributeError: module '__main__' has no attribute 'controlstep'
AttributeError: module '__main__' has no attribute 'controlstep'
AttributeError: module '__main__' has no attribute 'controlstep'
AttributeError: module '__main__' has no attribute 'controlstep'
AttributeError: module '__main__' has no attribute 'controlstep'
AttributeError: module '__main__' has no attribute 'controlstep'
AttributeError: module '__main__' has no attribute 'controlstep'
AttributeError: module '__main__' has no attribute 'controlstep'
AttributeError: module '__main__' has no attribute 'controlstep'
AttributeError: module '__main__' has no attribute 'controlstep'
AttributeError: module '__main__' has no attribute 'controlstep'
AttributeError: module '__main__' has no attribute 'controlstep'
AttributeError: module '__main__' has no attribute 'controlstep'
AttributeError: module '__main__' has no attribute 'controlstep'
AttributeError: module '__main__' has no attribute 'controlstep'
AttributeError: module '__main__' has no attribute 'controlstep'
AttributeError: module '__main__' has no attribute 'controlstep'
AttributeError: module '__main__' has no attribute 'controlstep'
AttributeError: module '__main__' has no attribute 'controlstep'
AttributeError: module '__main__' has no attribute 'controlstep'
AttributeError: module '__main__' has no attribute 'controlstep'
AttributeError: module '__main__' has no attribute 'controlstep'
AttributeError: module '__main__' has no attribute 'controlstep'
AttributeError: module '__main__' has no attribute 'controlstep'
AttributeError: module '__main__' has no attribute 'controlstep'
AttributeError: module '__main__' has no attribute 'controlstep'
AttributeError: module '__main__' has no attribute 'controlstep'
AttributeError: module '__main__' has no attribute 'controlstep'
AttributeError: module '__main__' has no attribute 'controlstep'
AttributeError: module '__main__' has no attribute 'controlstep'
AttributeError: module '__main__' has no attribute 'controlstep'
AttributeError: module '__main__' has no attribute 'controlstep'
AttributeError: module '__main__' has no attribute 'controlstep'
AttributeError: module '__main__' has no attribute 'controlstep'
AttributeError: module '__main__' has no attribute 'controlstep'
AttributeError: module '__main__' has no attribute 'controlstep'
AttributeError: module '__main__' has no attribute 'controlstep'
AttributeError: module '__main__' has no attribute 'controlstep'
AttributeError: module '__main__' has no attribute 'controlstep'
AttributeError: module '__main__' has no attribute 'controlstep'
AttributeError: module '__main__' has no attribute 'controlstep'
AttributeError: module '__main__' has no attribute 'controlstep'
AttributeError: module '__main__' has no attribute 'controlstep'
AttributeError: module '__main__' has no attribute 'controlstep'
AttributeError: module '__main__' has no attribute 'controlstep'
AttributeError: module '__main__' has no attribute 'controlstep'
AttributeError: module '__main__' has no attribute 'controlstep'
AttributeError: module '__main__' has no attribute 'controlstep'
AttributeError: module '__main__' has no attribute 'controlstep'
AttributeError: module '__main__' has no attribute 'controlstep'
AttributeError: module '__main__' has no attribute 'controlstep'
AttributeError: module '__main__' has no attribute 'controlstep'
AttributeError: module '__main__' has no attribute 'controlstep'
AttributeError: module '__main__' has no attribute 'controlstep'
AttributeError: module '__main__' has no attribute 'controlstep'
AttributeError: module '__main__' has no attribute 'controlstep'
AttributeError: module '__main__' has no attribute 'controlstep'
AttributeError: module '__main__' has no attribute 'controlstep'
AttributeError: module '__main__' has no attribute 'controlstep'
AttributeError: module '__main__' has no attribute 'controlstep'
AttributeError: module '__main__' has no attribute 'controlstep'
AttributeError: module '__main__' has no attribute 'controlstep'
AttributeError: module '__main__' has no attribute 'controlstep'
AttributeError: module '__main__' has no attribute 'controlstep'
AttributeError: module '__main__' has no attribute 'controlstep'
AttributeError: module '__main__' has no attribute 'controlstep'
AttributeError: module '__main__' has no attribute 'controlstep'
AttributeError: module '__main__' has no attribute 'controlstep'
AttributeError: module '__main__' has no attribute 'controlstep'
AttributeError: module '__main__' has no attribute 'controlstep'
AttributeError: module '__main__' has no attribute 'controlstep'
AttributeError: module '__main__' has no attribute 'controlstep'
AttributeError: module '__main__' has no attribute 'controlstep'
AttributeError: module '__main__' has no attribute 'controlstep'
AttributeError: module '__main__' has no attribute 'controlstep'
AttributeError: module '__main__' has no attribute 'controlstep'
AttributeError: module '__main__' has no attribute 'controlstep'
AttributeError: module '__main__' has no attribute 'controlstep'
AttributeError: module '__main__' has no attribute 'controlstep'
AttributeError: module '__main__' has no attribute 'controlstep'
AttributeError: module '__main__' has no attribute 'controlstep'
AttributeError: module '__main__' has no attribute 'controlstep'
AttributeError: module '__main__' has no attribute 'controlstep'
AttributeError: module '__main__' has no attribute 'controlstep'
AttributeError: module '__main__' has no attribute 'controlstep'
AttributeError: module '__main__' has no attribute 'controlstep'
AttributeError: module '__main__' has no attribute 'controlstep'
AttributeError: module '__main__' has no attribute 'controlstep'
AttributeError: module '__main__' has no attribute 'controlstep'
AttributeError: module '__main__' has no attribute 'controlstep'
AttributeError: module '__main__' has no attribute 'controlstep'
AttributeError: module '__main__' has no attribute 'controlstep'
AttributeError: module '__main__' has no attribute 'controlstep'
AttributeError: module '__main__' has no attribute 'controlstep'
AttributeError: module '__main__' has no attribute 'controlstep'
AttributeError: module '__main__' has no attribute 'controlstep'
AttributeError: module '__main__' has no attribute 'controlstep'
AttributeError: module '__main__' has no attribute 'controlstep'
AttributeError: module '__main__' has no attribute 'controlstep'
AttributeError: module '__main__' has no attribute 'controlstep'
AttributeError: module '__main__' has no attribute 'controlstep'
AttributeError: module '__main__' has no attribute 'controlstep'
AttributeError: module '__main__' has no attribute 'controlstep'
AttributeError: module '__main__' has no attribute 'controlstep'
AttributeError: module '__main__' has no attribute 'controlstep'
AttributeError: module '__main__' has no attribute 'controlstep'
AttributeError: module '__main__' has no attribute 'controlstep'
AttributeError: module '__main__' has no attribute 'controlstep'
AttributeError: module '__main__' has no attribute 'controlstep'
AttributeError: module '__main__' has no attribute 'controlstep'
AttributeError: module '__main__' has no attribute 'controlstep'
AttributeError: module '__main__' has no attribute 'controlstep'
AttributeError: module '__main__' has no attribute 'controlstep'
AttributeError: module '__main__' has no attribute 'controlstep'
AttributeError: module '__main__' has no attribute 'controlstep'
AttributeError: module '__main__' has no attribute 'controlstep'
AttributeError: module '__main__' has no attribute 'controlstep'
AttributeError: module '__main__' has no attribute 'controlstep'
AttributeError: module '__main__' has no attribute 'controlstep'
AttributeError: module '__main__' has no attribute 'controlstep'
AttributeError: module '__main__' has no attribute 'controlstep'
AttributeError: module '__main__' has no attribute 'controlstep'
AttributeError: module '__main__' has no attribute 'controlstep'
AttributeError: module '__main__' has no attribute 'controlstep'
AttributeError: module '__main__' has no attribute 'controlstep'
AttributeError: module '__main__' has no attribute 'controlstep'
AttributeError: module '__main__' has no attribute 'controlstep'
AttributeError: module '__main__' has no attribute 'controlstep'
AttributeError: module '__main__' has no attribute 'controlstep'
AttributeError: module '__main__' has no attribute 'controlstep'
AttributeError: module '__main__' has no attribute 'controlstep'
AttributeError: module '__main__' has no attribute 'controlstep'
AttributeError: module '__main__' has no attribute 'controlstep'
AttributeError: module '__main__' has no attribute 'controlstep'
AttributeError: module '__main__' has no attribute 'controlstep'
AttributeError: module '__main__' has no attribute 'controlstep'
AttributeError: module '__main__' has no attribute 'controlstep'
AttributeError: module '__main__' has no attribute 'controlstep'
AttributeError: module '__main__' has no attribute 'controlstep'
AttributeError: module '__main__' has no attribute 'controlstep'
AttributeError: module '__main__' has no attribute 'controlstep'
AttributeError: module '__main__' has no attribute 'controlstep'
AttributeError: module '__main__' has no attribute 'controlstep'
AttributeError: module '__main__' has no attribute 'controlstep'
AttributeError: module '__main__' has no attribute 'controlstep'
AttributeError: module '__main__' has no attribute 'controlstep'
AttributeError: module '__main__' has no attribute 'controlstep'
AttributeError: module '__main__' has no attribute 'controlstep'
AttributeError: module '__main__' has no attribute 'controlstep'
AttributeError: module '__main__' has no attribute 'controlstep'
AttributeError: module '__main__' has no attribute 'controlstep'
AttributeError: module '__main__' has no attribute 'controlstep'
AttributeError: module '__main__' has no attribute 'controlstep'
AttributeError: module '__main__' has no attribute 'controlstep'
AttributeError: module '__main__' has no attribute 'controlstep'
AttributeError: module '__main__' has no attribute 'controlstep'
AttributeError: module '__main__' has no attribute 'controlstep'
AttributeError: module '__main__' has no attribute 'controlstep'
AttributeError: module '__main__' has no attribute 'controlstep'
AttributeError: module '__main__' has no attribute 'controlstep'
AttributeError: module '__main__' has no attribute 'controlstep'
AttributeError: module '__main__' has no attribute 'controlstep'
AttributeError: module '__main__' has no attribute 'controlstep'
AttributeError: module '__main__' has no attribute 'controlstep'
AttributeError: module '__main__' has no attribute 'controlstep'
AttributeError: module '__main__' has no attribute 'controlstep'
AttributeError: module '__main__' has no attribute 'controlstep'
AttributeError: module '__main__' has no attribute 'controlstep'
AttributeError: module '__main__' has no attribute 'controlstep'
AttributeError: module '__main__' has no attribute 'controlstep'
AttributeError: module '__main__' has no attribute 'controlstep'
AttributeError: module '__main__' has no attribute 'controlstep'
AttributeError: module '__main__' has no attribute 'controlstep'
AttributeError: module '__main__' has no attribute 'controlstep'
AttributeError: module '__main__' has no attribute 'controlstep'
AttributeError: module '__main__' has no attribute 'controlstep'
AttributeError: module '__main__' has no attribute 'controlstep'
AttributeError: module '__main__' has no attribute 'controlstep'
AttributeError: module '__main__' has no attribute 'controlstep'
AttributeError: module '__main__' has no attribute 'controlstep'
AttributeError: module '__main__' has no attribute 'controlstep'
AttributeError: module '__main__' has no attribute 'controlstep'
AttributeError: module '__main__' has no attribute 'controlstep'
AttributeError: module '__main__' has no attribute 'controlstep'
AttributeError: module '__main__' has no attribute 'controlstep'
AttributeError: module '__main__' has no attribute 'controlstep'
AttributeError: module '__main__' has no attribute 'controlstep'
AttributeError: module '__main__' has no attribute 'controlstep'
AttributeError: module '__main__' has no attribute 'controlstep'
AttributeError: module '__main__' has no attribute 'controlstep'
AttributeError: module '__main__' has no attribute 'controlstep'
AttributeError: module '__main__' has no attribute 'controlstep'
AttributeError: module '__main__' has no attribute 'controlstep'
AttributeError: module '__main__' has no attribute 'controlstep'
AttributeError: module '__main__' has no attribute 'controlstep'
AttributeError: module '__main__' has no attribute 'controlstep'
AttributeError: module '__main__' has no attribute 'controlstep'
AttributeError: module '__main__' has no attribute 'controlstep'
AttributeError: module '__main__' has no attribute 'controlstep'
AttributeError: module '__main__' has no attribute 'controlstep'
AttributeError: module '__main__' has no attribute 'controlstep'
AttributeError: module '__main__' has no attribute 'controlstep'
AttributeError: module '__main__' has no attribute 'controlstep'
AttributeError: module '__main__' has no attribute 'controlstep'
AttributeError: module '__main__' has no attribute 'controlstep'
AttributeError: module '__main__' has no attribute 'controlstep'
AttributeError: module '__main__' has no attribute 'controlstep'
AttributeError: module '__main__' has no attribute 'controlstep'
AttributeError: module '__main__' has no attribute 'controlstep'
AttributeError: module '__main__' has no attribute 'controlstep'
AttributeError: module '__main__' has no attribute 'controlstep'
AttributeError: module '__main__' has no attribute 'controlstep'
AttributeError: module '__main__' has no attribute 'controlstep'
AttributeError: module '__main__' has no attribute 'controlstep'
AttributeError: module '__main__' has no attribute 'controlstep'
AttributeError: module '__main__' has no attribute 'controlstep'
AttributeError: module '__main__' has no attribute 'controlstep'
AttributeError: module '__main__' has no attribute 'controlstep'
AttributeError: module '__main__' has no attribute 'controlstep'
AttributeError: module '__main__' has no attribute 'controlstep'
AttributeError: module '__main__' has no attribute 'controlstep'
AttributeError: module '__main__' has no attribute 'controlstep'
AttributeError: module '__main__' has no attribute 'controlstep'
AttributeError: module '__main__' has no attribute 'controlstep'
AttributeError: module '__main__' has no attribute 'controlstep'
AttributeError: module '__main__' has no attribute 'controlstep'
AttributeError: module '__main__' has no attribute 'controlstep'
AttributeError: module '__main__' has no attribute 'controlstep'
AttributeError: module '__main__' has no attribute 'controlstep'
AttributeError: module '__main__' has no attribute 'controlstep'
AttributeError: module '__main__' has no attribute 'controlstep'
AttributeError: module '__main__' has no attribute 'controlstep'
AttributeError: module '__main__' has no attribute 'controlstep'
AttributeError: module '__main__' has no attribute 'controlstep'
AttributeError: module '__main__' has no attribute 'controlstep'
AttributeError: module '__main__' has no attribute 'controlstep'
AttributeError: module '__main__' has no attribute 'controlstep'
AttributeError: module '__main__' has no attribute 'controlstep'
AttributeError: module '__main__' has no attribute 'controlstep'
AttributeError: module '__main__' has no attribute 'controlstep'
AttributeError: module '__main__' has no attribute 'controlstep'
AttributeError: module '__main__' has no attribute 'controlstep'
AttributeError: module '__main__' has no attribute 'controlstep'
AttributeError: module '__main__' has no attribute 'controlstep'
AttributeError: module '__main__' has no attribute 'controlstep'
AttributeError: module '__main__' has no attribute 'controlstep'
AttributeError: module '__main__' has no attribute 'controlstep'
AttributeError: module '__main__' has no attribute 'controlstep'
AttributeError: module '__main__' has no attribute 'controlstep'
AttributeError: module '__main__' has no attribute 'controlstep'
AttributeError: module '__main__' has no attribute 'controlstep'
AttributeError: module '__main__' has no attribute 'controlstep'
AttributeError: module '__main__' has no attribute 'controlstep'
AttributeError: module '__main__' has no attribute 'controlstep'
AttributeError: module '__main__' has no attribute 'controlstep'
AttributeError: module '__main__' has no attribute 'controlstep'
AttributeError: module '__main__' has no attribute 'controlstep'
AttributeError: module '__main__' has no attribute 'controlstep'
AttributeError: module '__main__' has no attribute 'controlstep'
AttributeError: module '__main__' has no attribute 'controlstep'
AttributeError: module '__main__' has no attribute 'controlstep'
AttributeError: module '__main__' has no attribute 'controlstep'
AttributeError: module '__main__' has no attribute 'controlstep'
AttributeError: module '__main__' has no attribute 'controlstep'
AttributeError: module '__main__' has no attribute 'controlstep'
AttributeError: module '__main__' has no attribute 'controlstep'
AttributeError: module '__main__' has no attribute 'controlstep'
AttributeError: module '__main__' has no attribute 'controlstep'
AttributeError: module '__main__' has no attribute 'controlstep'
AttributeError: module '__main__' has no attribute 'controlstep'
AttributeError: module '__main__' has no attribute 'controlstep'
AttributeError: module '__main__' has no attribute 'controlstep'
AttributeError: module '__main__' has no attribute 'controlstep'
AttributeError: module '__main__' has no attribute 'controlstep'
AttributeError: module '__main__' has no attribute 'controlstep'
AttributeError: module '__main__' has no attribute 'controlstep'
AttributeError: module '__main__' has no attribute 'controlstep'
AttributeError: module '__main__' has no attribute 'controlstep'
AttributeError: module '__main__' has no attribute 'controlstep'
AttributeError: module '__main__' has no attribute 'controlstep'
AttributeError: module '__main__' has no attribute 'controlstep'
AttributeError: module '__main__' has no attribute 'controlstep'
AttributeError: module '__main__' has no attribute 'controlstep'
AttributeError: module '__main__' has no attribute 'controlstep'
AttributeError: module '__main__' has no attribute 'controlstep'
AttributeError: module '__main__' has no attribute 'controlstep'
AttributeError: module '__main__' has no attribute 'controlstep'
AttributeError: module '__main__' has no attribute 'controlstep'
AttributeError: module '__main__' has no attribute 'controlstep'
AttributeError: module '__main__' has no attribute 'controlstep'
AttributeError: module '__main__' has no attribute 'controlstep'
AttributeError: module '__main__' has no attribute 'controlstep'
AttributeError: module '__main__' has no attribute 'controlstep'
AttributeError: module '__main__' has no attribute 'controlstep'
AttributeError: module '__main__' has no attribute 'controlstep'
AttributeError: module '__main__' has no attribute 'controlstep'
AttributeError: module '__main__' has no attribute 'controlstep'
AttributeError: module '__main__' has no attribute 'controlstep'
AttributeError: module '__main__' has no attribute 'controlstep'
AttributeError: module '__main__' has no attribute 'controlstep'
AttributeError: module '__main__' has no attribute 'controlstep'
AttributeError: module '__main__' has no attribute 'controlstep'
AttributeError: module '__main__' has no attribute 'controlstep'
AttributeError: module '__main__' has no attribute 'controlstep'
AttributeError: module '__main__' has no attribute 'controlstep'
AttributeError: module '__main__' has no attribute 'controlstep'
AttributeError: module '__main__' has no attribute 'controlstep'
AttributeError: module '__main__' has no attribute 'controlstep'
AttributeError: module '__main__' has no attribute 'controlstep'
AttributeError: module '__main__' has no attribute 'controlstep'
AttributeError: module '__main__' has no attribute 'controlstep'
AttributeError: module '__main__' has no attribute 'controlstep'
AttributeError: module '__main__' has no attribute 'controlstep'
AttributeError: module '__main__' has no attribute 'controlstep'
AttributeError: module '__main__' has no attribute 'controlstep'
AttributeError: module '__main__' has no attribute 'controlstep'
AttributeError: module '__main__' has no attribute 'controlstep'
AttributeError: module '__main__' has no attribute 'controlstep'
AttributeError: module '__main__' has no attribute 'controlstep'
AttributeError: module '__main__' has no attribute 'controlstep'
AttributeError: module '__main__' has no attribute 'controlstep'
AttributeError: module '__main__' has no attribute 'controlstep'
AttributeError: module '__main__' has no attribute 'controlstep'
AttributeError: module '__main__' has no attribute 'controlstep'
AttributeError: module '__main__' has no attribute 'controlstep'
AttributeError: module '__main__' has no attribute 'controlstep'
AttributeError: module '__main__' has no attribute 'controlstep'
AttributeError: module '__main__' has no attribute 'controlstep'
AttributeError: module '__main__' has no attribute 'controlstep'
AttributeError: module '__main__' has no attribute 'controlstep'
AttributeError: module '__main__' has no attribute 'controlstep'
AttributeError: module '__main__' has no attribute 'controlstep'
AttributeError: module '__main__' has no attribute 'controlstep'
AttributeError: module '__main__' has no attribute 'controlstep'
AttributeError: module '__main__' has no attribute 'controlstep'
AttributeError: module '__main__' has no attribute 'controlstep'
AttributeError: module '__main__' has no attribute 'controlstep'
AttributeError: module '__main__' has no attribute 'controlstep'
AttributeError: module '__main__' has no attribute 'controlstep'
AttributeError: module '__main__' has no attribute 'controlstep'
AttributeError: module '__main__' has no attribute 'controlstep'
AttributeError: module '__main__' has no attribute 'controlstep'
AttributeError: module '__main__' has no attribute 'controlstep'
AttributeError: module '__main__' has no attribute 'controlstep'
AttributeError: module '__main__' has no attribute 'controlstep'
AttributeError: module '__main__' has no attribute 'controlstep'
AttributeError: module '__main__' has no attribute 'controlstep'
AttributeError: module '__main__' has no attribute 'controlstep'
AttributeError: module '__main__' has no attribute 'controlstep'
AttributeError: module '__main__' has no attribute 'controlstep'
AttributeError: module '__main__' has no attribute 'controlstep'
AttributeError: module '__main__' has no attribute 'controlstep'
AttributeError: module '__main__' has no attribute 'controlstep'
AttributeError: module '__main__' has no attribute 'controlstep'
AttributeError: module '__main__' has no attribute 'controlstep'
AttributeError: module '__main__' has no attribute 'controlstep'
AttributeError: module '__main__' has no attribute 'controlstep'
AttributeError: module '__main__' has no attribute 'controlstep'
AttributeError: module '__main__' has no attribute 'controlstep'
AttributeError: module '__main__' has no attribute 'controlstep'
AttributeError: module '__main__' has no attribute 'controlstep'
AttributeError: module '__main__' has no attribute 'controlstep'
AttributeError: module '__main__' has no attribute 'controlstep'
AttributeError: module '__main__' has no attribute 'controlstep'
AttributeError: module '__main__' has no attribute 'controlstep'
AttributeError: module '__main__' has no attribute 'controlstep'
AttributeError: module '__main__' has no attribute 'controlstep'
AttributeError: module '__main__' has no attribute 'controlstep'
AttributeError: module '__main__' has no attribute 'controlstep'
AttributeError: module '__main__' has no attribute 'controlstep'
AttributeError: module '__main__' has no attribute 'controlstep'
AttributeError: module '__main__' has no attribute 'controlstep'
AttributeError: module '__main__' has no attribute 'controlstep'
AttributeError: module '__main__' has no attribute 'controlstep'
AttributeError: module '__main__' has no attribute 'controlstep'
AttributeError: module '__main__' has no attribute 'controlstep'
AttributeError: module '__main__' has no attribute 'controlstep'
AttributeError: module '__main__' has no attribute 'controlstep'
AttributeError: module '__main__' has no attribute 'controlstep'
AttributeError: module '__main__' has no attribute 'controlstep'
AttributeError: module '__main__' has no attribute 'controlstep'
AttributeError: module '__main__' has no attribute 'controlstep'
AttributeError: module '__main__' has no attribute 'controlstep'
AttributeError: module '__main__' has no attribute 'controlstep'
AttributeError: module '__main__' has no attribute 'controlstep'
AttributeError: module '__main__' has no attribute 'controlstep'
AttributeError: module '__main__' has no attribute 'controlstep'
AttributeError: module '__main__' has no attribute 'controlstep'
AttributeError: module '__main__' has no attribute 'controlstep'
AttributeError: module '__main__' has no attribute 'controlstep'
AttributeError: module '__main__' has no attribute 'controlstep'
AttributeError: module '__main__' has no attribute 'controlstep'
AttributeError: module '__main__' has no attribute 'controlstep'
AttributeError: module '__main__' has no attribute 'controlstep'
AttributeError: module '__main__' has no attribute 'controlstep'
AttributeError: module '__main__' has no attribute 'controlstep'
AttributeError: module '__main__' has no attribute 'controlstep'
AttributeError: module '__main__' has no attribute 'controlstep'
AttributeError: module '__main__' has no attribute 'controlstep'
AttributeError: module '__main__' has no attribute 'controlstep'
AttributeError: module '__main__' has no attribute 'controlstep'
AttributeError: module '__main__' has no attribute 'controlstep'
AttributeError: module '__main__' has no attribute 'controlstep'
AttributeError: module '__main__' has no attribute 'controlstep'
AttributeError: module '__main__' has no attribute 'controlstep'
AttributeError: module '__main__' has no attribute 'controlstep'
AttributeError: module '__main__' has no attribute 'controlstep'
AttributeError: module '__main__' has no attribute 'controlstep'
AttributeError: module '__main__' has no attribute 'controlstep'
AttributeError: module '__main__' has no attribute 'controlstep'
AttributeError: module '__main__' has no attribute 'controlstep'
AttributeError: module '__main__' has no attribute 'controlstep'
AttributeError: module '__main__' has no attribute 'controlstep'
AttributeError: module '__main__' has no attribute 'controlstep'
AttributeError: module '__main__' has no attribute 'controlstep'
AttributeError: module '__main__' has no attribute 'controlstep'
AttributeError: module '__main__' has no attribute 'controlstep'
AttributeError: module '__main__' has no attribute 'controlstep'
AttributeError: module '__main__' has no attribute 'controlstep'
AttributeError: module '__main__' has no attribute 'controlstep'
AttributeError: module '__main__' has no attribute 'controlstep'
AttributeError: module '__main__' has no attribute 'controlstep'
AttributeError: module '__main__' has no attribute 'controlstep'
AttributeError: module '__main__' has no attribute 'controlstep'
AttributeError: module '__main__' has no attribute 'controlstep'
AttributeError: module '__main__' has no attribute 'controlstep'
AttributeError: module '__main__' has no attribute 'controlstep'
AttributeError: module '__main__' has no attribute 'controlstep'
AttributeError: module '__main__' has no attribute 'controlstep'
AttributeError: module '__main__' has no attribute 'controlstep'
AttributeError: module '__main__' has no attribute 'controlstep'
AttributeError: module '__main__' has no attribute 'controlstep'
AttributeError: module '__main__' has no attribute 'controlstep'
AttributeError: module '__main__' has no attribute 'controlstep'
AttributeError: module '__main__' has no attribute 'controlstep'
AttributeError: module '__main__' has no attribute 'controlstep'
AttributeError: module '__main__' has no attribute 'controlstep'
AttributeError: module '__main__' has no attribute 'controlstep'
AttributeError: module '__main__' has no attribute 'controlstep'
AttributeError: module '__main__' has no attribute 'controlstep'
AttributeError: module '__main__' has no attribute 'controlstep'
AttributeError: module '__main__' has no attribute 'controlstep'
AttributeError: module '__main__' has no attribute 'controlstep'
AttributeError: module '__main__' has no attribute 'controlstep'
AttributeError: module '__main__' has no attribute 'controlstep'
AttributeError: module '__main__' has no attribute 'controlstep'
AttributeError: module '__main__' has no attribute 'controlstep'
AttributeError: module '__main__' has no attribute 'controlstep'
AttributeError: module '__main__' has no attribute 'controlstep'
AttributeError: module '__main__' has no attribute 'controlstep'
AttributeError: module '__main__' has no attribute 'controlstep'
AttributeError: module '__main__' has no attribute 'controlstep'
AttributeError: module '__main__' has no attribute 'controlstep'
AttributeError: module '__main__' has no attribute 'controlstep'
AttributeError: module '__main__' has no attribute 'controlstep'
AttributeError: module '__main__' has no attribute 'controlstep'
AttributeError: module '__main__' has no attribute 'controlstep'
AttributeError: module '__main__' has no attribute 'controlstep'
AttributeError: module '__main__' has no attribute 'controlstep'
AttributeError: module '__main__' has no attribute 'controlstep'
AttributeError: module '__main__' has no attribute 'controlstep'
AttributeError: module '__main__' has no attribute 'controlstep'
AttributeError: module '__main__' has no attribute 'controlstep'
AttributeError: module '__main__' has no attribute 'controlstep'
AttributeError: module '__main__' has no attribute 'controlstep'
AttributeError: module '__main__' has no attribute 'controlstep'
AttributeError: module '__main__' has no attribute 'controlstep'
AttributeError: module '__main__' has no attribute 'controlstep'
AttributeError: module '__main__' has no attribute 'controlstep'
AttributeError: module '__main__' has no attribute 'controlstep'
AttributeError: module '__main__' has no attribute 'controlstep'
AttributeError: module '__main__' has no attribute 'controlstep'
AttributeError: module '__main__' has no attribute 'controlstep'
AttributeError: module '__main__' has no attribute 'controlstep'
AttributeError: module '__main__' has no attribute 'controlstep'
AttributeError: module '__main__' has no attribute 'controlstep'
AttributeError: module '__main__' has no attribute 'controlstep'
AttributeError: module '__main__' has no attribute 'controlstep'
AttributeError: module '__main__' has no attribute 'controlstep'
AttributeError: module '__main__' has no attribute 'controlstep'
AttributeError: module '__main__' has no attribute 'controlstep'
AttributeError: module '__main__' has no attribute 'controlstep'
AttributeError: module '__main__' has no attribute 'controlstep'
AttributeError: module '__main__' has no attribute 'controlstep'
AttributeError: module '__main__' has no attribute 'controlstep'
AttributeError: module '__main__' has no attribute 'controlstep'
AttributeError: module '__main__' has no attribute 'controlstep'
AttributeError: module '__main__' has no attribute 'controlstep'
AttributeError: module '__main__' has no attribute 'controlstep'
AttributeError: module '__main__' has no attribute 'controlstep'
AttributeError: module '__main__' has no attribute 'controlstep'
AttributeError: module '__main__' has no attribute 'controlstep'
AttributeError: module '__main__' has no attribute 'controlstep'
AttributeError: module '__main__' has no attribute 'controlstep'
AttributeError: module '__main__' has no attribute 'controlstep'
AttributeError: module '__main__' has no attribute 'controlstep'
AttributeError: module '__main__' has no attribute 'controlstep'
AttributeError: module '__main__' has no attribute 'controlstep'
AttributeError: module '__main__' has no attribute 'controlstep'
AttributeError: module '__main__' has no attribute 'controlstep'
AttributeError: module '__main__' has no attribute 'controlstep'
AttributeError: module '__main__' has no attribute 'controlstep'
AttributeError: module '__main__' has no attribute 'controlstep'
AttributeError: module '__main__' has no attribute 'controlstep'
AttributeError: module '__main__' has no attribute 'controlstep'
AttributeError: module '__main__' has no attribute 'controlstep'
AttributeError: module '__main__' has no attribute 'controlstep'
AttributeError: module '__main__' has no attribute 'controlstep'
AttributeError: module '__main__' has no attribute 'controlstep'
AttributeError: module '__main__' has no attribute 'controlstep'
AttributeError: module '__main__' has no attribute 'controlstep'
AttributeError: module '__main__' has no attribute 'controlstep'
AttributeError: module '__main__' has no attribute 'controlstep'
AttributeError: module '__main__' has no attribute 'controlstep'
AttributeError: module '__main__' has no attribute 'controlstep'
AttributeError: module '__main__' has no attribute 'controlstep'
AttributeError: module '__main__' has no attribute 'controlstep'
AttributeError: module '__main__' has no attribute 'controlstep'
AttributeError: module '__main__' has no attribute 'controlstep'
AttributeError: module '__main__' has no attribute 'controlstep'
AttributeError: module '__main__' has no attribute 'controlstep'
AttributeError: module '__main__' has no attribute 'controlstep'
AttributeError: module '__main__' has no attribute 'controlstep'
AttributeError: module '__main__' has no attribute 'controlstep'
AttributeError: module '__main__' has no attribute 'controlstep'
AttributeError: module '__main__' has no attribute 'controlstep'
AttributeError: module '__main__' has no attribute 'controlstep'
AttributeError: module '__main__' has no attribute 'controlstep'
AttributeError: module '__main__' has no attribute 'controlstep'
AttributeError: module '__main__' has no attribute 'controlstep'
AttributeError: module '__main__' has no attribute 'controlstep'
AttributeError: module '__main__' has no attribute 'controlstep'
AttributeError: module '__main__' has no attribute 'controlstep'
AttributeError: module '__main__' has no attribute 'controlstep'
AttributeError: module '__main__' has no attribute 'controlstep'
AttributeError: module '__main__' has no attribute 'controlstep'
AttributeError: module '__main__' has no attribute 'controlstep'
AttributeError: module '__main__' has no attribute 'controlstep'
AttributeError: module '__main__' has no attribute 'controlstep'
AttributeError: module '__main__' has no attribute 'controlstep'
AttributeError: module '__main__' has no attribute 'controlstep'
AttributeError: module '__main__' has no attribute 'controlstep'
AttributeError: module '__main__' has no attribute 'controlstep'
AttributeError: module '__main__' has no attribute 'controlstep'
AttributeError: module '__main__' has no attribute 'controlstep'
AttributeError: module '__main__' has no attribute 'controlstep'
AttributeError: module '__main__' has no attribute 'controlstep'
AttributeError: module '__main__' has no attribute 'controlstep'
AttributeError: module '__main__' has no attribute 'controlstep'
AttributeError: module '__main__' has no attribute 'controlstep'
AttributeError: module '__main__' has no attribute 'controlstep'
AttributeError: module '__main__' has no attribute 'controlstep'
AttributeError: module '__main__' has no attribute 'controlstep'
AttributeError: module '__main__' has no attribute 'controlstep'
AttributeError: module '__main__' has no attribute 'controlstep'
AttributeError: module '__main__' has no attribute 'controlstep'
AttributeError: module '__main__' has no attribute 'controlstep'
AttributeError: module '__main__' has no attribute 'controlstep'
AttributeError: module '__main__' has no attribute 'controlstep'
AttributeError: module '__main__' has no attribute 'controlstep'
AttributeError: module '__main__' has no attribute 'controlstep'
AttributeError: module '__main__' has no attribute 'controlstep'
AttributeError: module '__main__' has no attribute 'controlstep'
AttributeError: module '__main__' has no attribute 'controlstep'
AttributeError: module '__main__' has no attribute 'controlstep'
AttributeError: module '__main__' has no attribute 'controlstep'
AttributeError: module '__main__' has no attribute 'controlstep'
AttributeError: module '__main__' has no attribute 'controlstep'
AttributeError: module '__main__' has no attribute 'controlstep'
AttributeError: module '__main__' has no attribute 'controlstep'
AttributeError: module '__main__' has no attribute 'controlstep'
AttributeError: module '__main__' has no attribute 'controlstep'
AttributeError: module '__main__' has no attribute 'controlstep'
AttributeError: module '__main__' has no attribute 'controlstep'
AttributeError: module '__main__' has no attribute 'controlstep'
AttributeError: module '__main__' has no attribute 'controlstep'
AttributeError: module '__main__' has no attribute 'controlstep'
AttributeError: module '__main__' has no attribute 'controlstep'
AttributeError: module '__main__' has no attribute 'controlstep'
AttributeError: module '__main__' has no attribute 'controlstep'
AttributeError: module '__main__' has no attribute 'controlstep'
AttributeError: module '__main__' has no attribute 'controlstep'
AttributeError: module '__main__' has no attribute 'controlstep'
AttributeError: module '__main__' has no attribute 'controlstep'
AttributeError: module '__main__' has no attribute 'controlstep'
AttributeError: module '__main__' has no attribute 'controlstep'
AttributeError: module '__main__' has no attribute 'controlstep'
AttributeError: module '__main__' has no attribute 'controlstep'
AttributeError: module '__main__' has no attribute 'controlstep'
AttributeError: module '__main__' has no attribute 'controlstep'
AttributeError: module '__main__' has no attribute 'controlstep'
AttributeError: module '__main__' has no attribute 'controlstep'
AttributeError: module '__main__' has no attribute 'controlstep'
AttributeError: module '__main__' has no attribute 'controlstep'
AttributeError: module '__main__' has no attribute 'controlstep'
AttributeError: module '__main__' has no attribute 'controlstep'
AttributeError: module '__main__' has no attribute 'controlstep'
AttributeError: module '__main__' has no attribute 'controlstep'
AttributeError: module '__main__' has no attribute 'controlstep'
AttributeError: module '__main__' has no attribute 'controlstep'
AttributeError: module '__main__' has no attribute 'controlstep'
AttributeError: module '__main__' has no attribute 'controlstep'
AttributeError: module '__main__' has no attribute 'controlstep'
AttributeError: module '__main__' has no attribute 'controlstep'
AttributeError: module '__main__' has no attribute 'controlstep'
AttributeError: module '__main__' has no attribute 'controlstep'
AttributeError: module '__main__' has no attribute 'controlstep'
AttributeError: module '__main__' has no attribute 'controlstep'
AttributeError: module '__main__' has no attribute 'controlstep'
AttributeError: module '__main__' has no attribute 'controlstep'
AttributeError: module '__main__' has no attribute 'controlstep'
AttributeError: module '__main__' has no attribute 'controlstep'
AttributeError: module '__main__' has no attribute 'controlstep'
AttributeError: module '__main__' has no attribute 'controlstep'
AttributeError: module '__main__' has no attribute 'controlstep'
AttributeError: module '__main__' has no attribute 'controlstep'
AttributeError: module '__main__' has no attribute 'controlstep'
AttributeError: module '__main__' has no attribute 'controlstep'
AttributeError: module '__main__' has no attribute 'controlstep'
AttributeError: module '__main__' has no attribute 'controlstep'
AttributeError: module '__main__' has no attribute 'controlstep'
AttributeError: module '__main__' has no attribute 'controlstep'
AttributeError: module '__main__' has no attribute 'controlstep'
AttributeError: module '__main__' has no attribute 'controlstep'
AttributeError: module '__main__' has no attribute 'controlstep'
AttributeError: module '__main__' has no attribute 'controlstep'
AttributeError: module '__main__' has no attribute 'controlstep'
AttributeError: module '__main__' has no attribute 'controlstep'
AttributeError: module '__main__' has no attribute 'controlstep'
AttributeError: module '__main__' has no attribute 'controlstep'
AttributeError: module '__main__' has no attribute 'controlstep'
AttributeError: module '__main__' has no attribute 'controlstep'
AttributeError: module '__main__' has no attribute 'controlstep'
AttributeError: module '__main__' has no attribute 'controlstep'
AttributeError: module '__main__' has no attribute 'controlstep'
AttributeError: module '__main__' has no attribute 'controlstep'
AttributeError: module '__main__' has no attribute 'controlstep'
AttributeError: module '__main__' has no attribute 'controlstep'
AttributeError: module '__main__' has no attribute 'controlstep'
AttributeError: module '__main__' has no attribute 'controlstep'
AttributeError: module '__main__' has no attribute 'controlstep'
AttributeError: module '__main__' has no attribute 'controlstep'
AttributeError: module '__main__' has no attribute 'controlstep'
AttributeError: module '__main__' has no attribute 'controlstep'
AttributeError: module '__main__' has no attribute 'controlstep'
AttributeError: module '__main__' has no attribute 'controlstep'
AttributeError: module '__main__' has no attribute 'controlstep'
AttributeError: module '__main__' has no attribute 'controlstep'
AttributeError: module '__main__' has no attribute 'controlstep'
AttributeError: module '__main__' has no attribute 'controlstep'
AttributeError: module '__main__' has no attribute 'controlstep'
AttributeError: module '__main__' has no attribute 'controlstep'
AttributeError: module '__main__' has no attribute 'controlstep'
AttributeError: module '__main__' has no attribute 'controlstep'
AttributeError: module '__main__' has no attribute 'controlstep'
AttributeError: module '__main__' has no attribute 'controlstep'
AttributeError: module '__main__' has no attribute 'controlstep'
AttributeError: module '__main__' has no attribute 'controlstep'
AttributeError: module '__main__' has no attribute 'controlstep'
AttributeError: module '__main__' has no attribute 'controlstep'
AttributeError: module '__main__' has no attribute 'controlstep'
AttributeError: module '__main__' has no attribute 'controlstep'
AttributeError: module '__main__' has no attribute 'controlstep'
AttributeError: module '__main__' has no attribute 'controlstep'
AttributeError: module '__main__' has no attribute 'controlstep'
AttributeError: module '__main__' has no attribute 'controlstep'
AttributeError: module '__main__' has no attribute 'controlstep'
AttributeError: module '__main__' has no attribute 'controlstep'
AttributeError: module '__main__' has no attribute 'controlstep'
AttributeError: module '__main__' has no attribute 'controlstep'
AttributeError: module '__main__' has no attribute 'controlstep'
AttributeError: module '__main__' has no attribute 'controlstep'
AttributeError: module '__main__' has no attribute 'controlstep'
AttributeError: module '__main__' has no attribute 'controlstep'
AttributeError: module '__main__' has no attribute 'controlstep'
AttributeError: module '__main__' has no attribute 'controlstep'
AttributeError: module '__main__' has no attribute 'controlstep'
AttributeError: module '__main__' has no attribute 'controlstep'
AttributeError: module '__main__' has no attribute 'controlstep'
AttributeError: module '__main__' has no attribute 'controlstep'
AttributeError: module '__main__' has no attribute 'controlstep'
AttributeError: module '__main__' has no attribute 'controlstep'
AttributeError: module '__main__' has no attribute 'controlstep'
AttributeError: module '__main__' has no attribute 'controlstep'
AttributeError: module '__main__' has no attribute 'controlstep'
AttributeError: module '__main__' has no attribute 'controlstep'
AttributeError: module '__main__' has no attribute 'controlstep'
AttributeError: module '__main__' has no attribute 'controlstep'
AttributeError: module '__main__' has no attribute 'controlstep'
AttributeError: module '__main__' has no attribute 'controlstep'
AttributeError: module '__main__' has no attribute 'controlstep'
AttributeError: module '__main__' has no attribute 'controlstep'
AttributeError: module '__main__' has no attribute 'controlstep'
AttributeError: module '__main__' has no attribute 'controlstep'
AttributeError: module '__main__' has no attribute 'controlstep'
AttributeError: module '__main__' has no attribute 'controlstep'
AttributeError: module '__main__' has no attribute 'controlstep'
AttributeError: module '__main__' has no attribute 'controlstep'
AttributeError: module '__main__' has no attribute 'controlstep'
AttributeError: module '__main__' has no attribute 'controlstep'
AttributeError: module '__main__' has no attribute 'controlstep'
AttributeError: module '__main__' has no attribute 'controlstep'
AttributeError: module '__main__' has no attribute 'controlstep'
AttributeError: module '__main__' has no attribute 'controlstep'
AttributeError: module '__main__' has no attribute 'controlstep'
AttributeError: module '__main__' has no attribute 'controlstep'
AttributeError: module '__main__' has no attribute 'controlstep'
AttributeError: module '__main__' has no attribute 'controlstep'
AttributeError: module '__main__' has no attribute 'controlstep'
AttributeError: module '__main__' has no attribute 'controlstep'
AttributeError: module '__main__' has no attribute 'controlstep'
AttributeError: module '__main__' has no attribute 'controlstep'
AttributeError: module '__main__' has no attribute 'controlstep'
AttributeError: module '__main__' has no attribute 'controlstep'
AttributeError: module '__main__' has no attribute 'controlstep'
AttributeError: module '__main__' has no attribute 'controlstep'
AttributeError: module '__main__' has no attribute 'controlstep'
AttributeError: module '__main__' has no attribute 'controlstep'
AttributeError: module '__main__' has no attribute 'controlstep'
AttributeError: module '__main__' has no attribute 'controlstep'
AttributeError: module '__main__' has no attribute 'controlstep'
AttributeError: module '__main__' has no attribute 'controlstep'
AttributeError: module '__main__' has no attribute 'controlstep'
AttributeError: module '__main__' has no attribute 'controlstep'
AttributeError: module '__main__' has no attribute 'controlstep'
AttributeError: module '__main__' has no attribute 'controlstep'
AttributeError: module '__main__' has no attribute 'controlstep'
AttributeError: module '__main__' has no attribute 'controlstep'
AttributeError: module '__main__' has no attribute 'controlstep'
AttributeError: module '__main__' has no attribute 'controlstep'
AttributeError: module '__main__' has no attribute 'controlstep'
AttributeError: module '__main__' has no attribute 'controlstep'
AttributeError: module '__main__' has no attribute 'controlstep'
AttributeError: module '__main__' has no attribute 'controlstep'
AttributeError: module '__main__' has no attribute 'controlstep'
AttributeError: module '__main__' has no attribute 'controlstep'
AttributeError: module '__main__' has no attribute 'controlstep'
AttributeError: module '__main__' has no attribute 'controlstep'
AttributeError: module '__main__' has no attribute 'controlstep'
AttributeError: module '__main__' has no attribute 'controlstep'
AttributeError: module '__main__' has no attribute 'controlstep'
AttributeError: module '__main__' has no attribute 'controlstep'
AttributeError: module '__main__' has no attribute 'controlstep'
AttributeError: module '__main__' has no attribute 'controlstep'
AttributeError: module '__main__' has no attribute 'controlstep'
AttributeError: module '__main__' has no attribute 'controlstep'
AttributeError: module '__main__' has no attribute 'controlstep'
AttributeError: module '__main__' has no attribute 'controlstep'
AttributeError: module '__main__' has no attribute 'controlstep'
AttributeError: module '__main__' has no attribute 'controlstep'
AttributeError: module '__main__' has no attribute 'controlstep'
AttributeError: module '__main__' has no attribute 'controlstep'
AttributeError: module '__main__' has no attribute 'controlstep'
AttributeError: module '__main__' has no attribute 'controlstep'
AttributeError: module '__main__' has no attribute 'controlstep'
AttributeError: module '__main__' has no attribute 'controlstep'
AttributeError: module '__main__' has no attribute 'controlstep'
AttributeError: module '__main__' has no attribute 'controlstep'
AttributeError: module '__main__' has no attribute 'controlstep'
AttributeError: module '__main__' has no attribute 'controlstep'
AttributeError: module '__main__' has no attribute 'controlstep'
AttributeError: module '__main__' has no attribute 'controlstep'
AttributeError: module '__main__' has no attribute 'controlstep'
AttributeError: module '__main__' has no attribute 'controlstep'
AttributeError: module '__main__' has no attribute 'controlstep'
AttributeError: module '__main__' has no attribute 'controlstep'
AttributeError: module '__main__' has no attribute 'controlstep'
AttributeError: module '__main__' has no attribute 'controlstep'
AttributeError: module '__main__' has no attribute 'controlstep'
AttributeError: module '__main__' has no attribute 'controlstep'
AttributeError: module '__main__' has no attribute 'controlstep'
AttributeError: module '__main__' has no attribute 'controlstep'
AttributeError: module '__main__' has no attribute 'controlstep'
AttributeError: module '__main__' has no attribute 'controlstep'
AttributeError: module '__main__' has no attribute 'controlstep'
AttributeError: module '__main__' has no attribute 'controlstep'
AttributeError: module '__main__' has no attribute 'controlstep'
AttributeError: module '__main__' has no attribute 'controlstep'
AttributeError: module '__main__' has no attribute 'controlstep'
AttributeError: module '__main__' has no attribute 'controlstep'
AttributeError: module '__main__' has no attribute 'controlstep'
AttributeError: module '__main__' has no attribute 'controlstep'
AttributeError: module '__main__' has no attribute 'controlstep'
AttributeError: module '__main__' has no attribute 'controlstep'
AttributeError: module '__main__' has no attribute 'controlstep'
AttributeError: module '__main__' has no attribute 'controlstep'
AttributeError: module '__main__' has no attribute 'controlstep'
AttributeError: module '__main__' has no attribute 'controlstep'
AttributeError: module '__main__' has no attribute 'controlstep'
AttributeError: module '__main__' has no attribute 'controlstep'
AttributeError: module '__main__' has no attribute 'controlstep'
AttributeError: module '__main__' has no attribute 'controlstep'
AttributeError: module '__main__' has no attribute 'controlstep'
AttributeError: module '__main__' has no attribute 'controlstep'
AttributeError: module '__main__' has no attribute 'controlstep'
AttributeError: module '__main__' has no attribute 'controlstep'
AttributeError: module '__main__' has no attribute 'controlstep'
AttributeError: module '__main__' has no attribute 'controlstep'
AttributeError: module '__main__' has no attribute 'controlstep'
AttributeError: module '__main__' has no attribute 'controlstep'
AttributeError: module '__main__' has no attribute 'controlstep'
AttributeError: module '__main__' has no attribute 'controlstep'
AttributeError: module '__main__' has no attribute 'controlstep'
AttributeError: module '__main__' has no attribute 'controlstep'
AttributeError: module '__main__' has no attribute 'controlstep'
AttributeError: module '__main__' has no attribute 'controlstep'
AttributeError: module '__main__' has no attribute 'controlstep'
AttributeError: module '__main__' has no attribute 'controlstep'
AttributeError: module '__main__' has no attribute 'controlstep'
AttributeError: module '__main__' has no attribute 'controlstep'
AttributeError: module '__main__' has no attribute 'controlstep'
AttributeError: module '__main__' has no attribute 'controlstep'
AttributeError: module '__main__' has no attribute 'controlstep'
AttributeError: module '__main__' has no attribute 'controlstep'
AttributeError: module '__main__' has no attribute 'controlstep'
AttributeError: module '__main__' has no attribute 'controlstep'
AttributeError: module '__main__' has no attribute 'controlstep'
AttributeError: module '__main__' has no attribute 'controlstep'
AttributeError: module '__main__' has no attribute 'controlstep'
AttributeError: module '__main__' has no attribute 'controlstep'
AttributeError: module '__main__' has no attribute 'controlstep'
AttributeError: module '__main__' has no attribute 'controlstep'
AttributeError: module '__main__' has no attribute 'controlstep'
AttributeError: module '__main__' has no attribute 'controlstep'
AttributeError: module '__main__' has no attribute 'controlstep'
AttributeError: module '__main__' has no attribute 'controlstep'
AttributeError: module '__main__' has no attribute 'controlstep'
AttributeError: module '__main__' has no attribute 'controlstep'
AttributeError: module '__main__' has no attribute 'controlstep'
AttributeError: module '__main__' has no attribute 'controlstep'
AttributeError: module '__main__' has no attribute 'controlstep'
AttributeError: module '__main__' has no attribute 'controlstep'
AttributeError: module '__main__' has no attribute 'controlstep'
AttributeError: module '__main__' has no attribute 'controlstep'
AttributeError: module '__main__' has no attribute 'controlstep'
AttributeError: module '__main__' has no attribute 'controlstep'
AttributeError: module '__main__' has no attribute 'controlstep'
AttributeError: module '__main__' has no attribute 'controlstep'
AttributeError: module '__main__' has no attribute 'controlstep'
AttributeError: module '__main__' has no attribute 'controlstep'
AttributeError: module '__main__' has no attribute 'controlstep'
AttributeError: module '__main__' has no attribute 'controlstep'
AttributeError: module '__main__' has no attribute 'controlstep'
AttributeError: module '__main__' has no attribute 'controlstep'
AttributeError: module '__main__' has no attribute 'controlstep'
AttributeError: module '__main__' has no attribute 'controlstep'
AttributeError: module '__main__' has no attribute 'controlstep'
AttributeError: module '__main__' has no attribute 'controlstep'
AttributeError: module '__main__' has no attribute 'controlstep'
AttributeError: module '__main__' has no attribute 'controlstep'
AttributeError: module '__main__' has no attribute 'controlstep'
AttributeError: module '__main__' has no attribute 'controlstep'
AttributeError: module '__main__' has no attribute 'controlstep'
AttributeError: module '__main__' has no attribute 'controlstep'
AttributeError: module '__main__' has no attribute 'controlstep'
AttributeError: module '__main__' has no attribute 'controlstep'
AttributeError: module '__main__' has no attribute 'controlstep'
AttributeError: module '__main__' has no attribute 'controlstep'
AttributeError: module '__main__' has no attribute 'controlstep'
AttributeError: module '__main__' has no attribute 'controlstep'
AttributeError: module '__main__' has no attribute 'controlstep'
AttributeError: module '__main__' has no attribute 'controlstep'
AttributeError: module '__main__' has no attribute 'controlstep'
AttributeError: module '__main__' has no attribute 'controlstep'
AttributeError: module '__main__' has no attribute 'controlstep'
AttributeError: module '__main__' has no attribute 'controlstep'
AttributeError: module '__main__' has no attribute 'controlstep'
AttributeError: module '__main__' has no attribute 'controlstep'
AttributeError: module '__main__' has no attribute 'controlstep'
AttributeError: module '__main__' has no attribute 'controlstep'
AttributeError: module '__main__' has no attribute 'controlstep'
AttributeError: module '__main__' has no attribute 'controlstep'
AttributeError: module '__main__' has no attribute 'controlstep'
AttributeError: module '__main__' has no attribute 'controlstep'
AttributeError: module '__main__' has no attribute 'controlstep'
AttributeError: module '__main__' has no attribute 'controlstep'
AttributeError: module '__main__' has no attribute 'controlstep'
AttributeError: module '__main__' has no attribute 'controlstep'
AttributeError: module '__main__' has no attribute 'controlstep'
AttributeError: module '__main__' has no attribute 'controlstep'
AttributeError: module '__main__' has no attribute 'controlstep'
AttributeError: module '__main__' has no attribute 'controlstep'
AttributeError: module '__main__' has no attribute 'controlstep'
AttributeError: module '__main__' has no attribute 'controlstep'
AttributeError: module '__main__' has no attribute 'controlstep'
AttributeError: module '__main__' has no attribute 'controlstep'
AttributeError: module '__main__' has no attribute 'controlstep'
AttributeError: module '__main__' has no attribute 'controlstep'
AttributeError: module '__main__' has no attribute 'controlstep'
AttributeError: module '__main__' has no attribute 'controlstep'
AttributeError: module '__main__' has no attribute 'controlstep'
AttributeError: module '__main__' has no attribute 'controlstep'
AttributeError: module '__main__' has no attribute 'controlstep'
AttributeError: module '__main__' has no attribute 'controlstep'
AttributeError: module '__main__' has no attribute 'controlstep'
AttributeError: module '__main__' has no attribute 'controlstep'
AttributeError: module '__main__' has no attribute 'controlstep'
AttributeError: module '__main__' has no attribute 'controlstep'
AttributeError: module '__main__' has no attribute 'controlstep'
AttributeError: module '__main__' has no attribute 'controlstep'
AttributeError: module '__main__' has no attribute 'controlstep'
AttributeError: module '__main__' has no attribute 'controlstep'
AttributeError: module '__main__' has no attribute 'controlstep'
AttributeError: module '__main__' has no attribute 'controlstep'
AttributeError: module '__main__' has no attribute 'controlstep'
AttributeError: module '__main__' has no attribute 'controlstep'
AttributeError: module '__main__' has no attribute 'controlstep'
AttributeError: module '__main__' has no attribute 'controlstep'
AttributeError: module '__main__' has no attribute 'controlstep'
AttributeError: module '__main__' has no attribute 'controlstep'
AttributeError: module '__main__' has no attribute 'controlstep'
AttributeError: module '__main__' has no attribute 'controlstep'
AttributeError: module '__main__' has no attribute 'controlstep'
AttributeError: module '__main__' has no attribute 'controlstep'
AttributeError: module '__main__' has no attribute 'controlstep'
AttributeError: module '__main__' has no attribute 'controlstep'
AttributeError: module '__main__' has no attribute 'controlstep'
AttributeError: module '__main__' has no attribute 'controlstep'
AttributeError: module '__main__' has no attribute 'controlstep'
AttributeError: module '__main__' has no attribute 'controlstep'
AttributeError: module '__main__' has no attribute 'controlstep'
AttributeError: module '__main__' has no attribute 'controlstep'
AttributeError: module '__main__' has no attribute 'controlstep'
AttributeError: module '__main__' has no attribute 'controlstep'
AttributeError: module '__main__' has no attribute 'controlstep'
AttributeError: module '__main__' has no attribute 'controlstep'
AttributeError: module '__main__' has no attribute 'controlstep'
AttributeError: module '__main__' has no attribute 'controlstep'
AttributeError: module '__main__' has no attribute 'controlstep'
AttributeError: module '__main__' has no attribute 'controlstep'
AttributeError: module '__main__' has no attribute 'controlstep'
AttributeError: module '__main__' has no attribute 'controlstep'
AttributeError: module '__main__' has no attribute 'controlstep'
AttributeError: module '__main__' has no attribute 'controlstep'
AttributeError: module '__main__' has no attribute 'controlstep'
AttributeError: module '__main__' has no attribute 'controlstep'
AttributeError: module '__main__' has no attribute 'controlstep'
AttributeError: module '__main__' has no attribute 'controlstep'
AttributeError: module '__main__' has no attribute 'controlstep'
AttributeError: module '__main__' has no attribute 'controlstep'
AttributeError: module '__main__' has no attribute 'controlstep'
AttributeError: module '__main__' has no attribute 'controlstep'
AttributeError: module '__main__' has no attribute 'controlstep'
AttributeError: module '__main__' has no attribute 'controlstep'
AttributeError: module '__main__' has no attribute 'controlstep'
AttributeError: module '__main__' has no attribute 'controlstep'
AttributeError: module '__main__' has no attribute 'controlstep'
AttributeError: module '__main__' has no attribute 'controlstep'
AttributeError: module '__main__' has no attribute 'controlstep'
AttributeError: module '__main__' has no attribute 'controlstep'
AttributeError: module '__main__' has no attribute 'controlstep'
AttributeError: module '__main__' has no attribute 'controlstep'
AttributeError: module '__main__' has no attribute 'controlstep'
AttributeError: module '__main__' has no attribute 'controlstep'
AttributeError: module '__main__' has no attribute 'controlstep'
AttributeError: module '__main__' has no attribute 'controlstep'
AttributeError: module '__main__' has no attribute 'controlstep'
AttributeError: module '__main__' has no attribute 'controlstep'
AttributeError: module '__main__' has no attribute 'controlstep'
AttributeError: module '__main__' has no attribute 'controlstep'
AttributeError: module '__main__' has no attribute 'controlstep'
AttributeError: module '__main__' has no attribute 'controlstep'
AttributeError: module '__main__' has no attribute 'controlstep'
AttributeError: module '__main__' has no attribute 'controlstep'
AttributeError: module '__main__' has no attribute 'controlstep'
AttributeError: module '__main__' has no attribute 'controlstep'
AttributeError: module '__main__' has no attribute 'controlstep'
AttributeError: module '__main__' has no attribute 'controlstep'
AttributeError: module '__main__' has no attribute 'controlstep'
AttributeError: module '__main__' has no attribute 'controlstep'
AttributeError: module '__main__' has no attribute 'controlstep'
AttributeError: module '__main__' has no attribute 'controlstep'
AttributeError: module '__main__' has no attribute 'controlstep'
AttributeError: module '__main__' has no attribute 'controlstep'
AttributeError: module '__main__' has no attribute 'controlstep'
AttributeError: module '__main__' has no attribute 'controlstep'
AttributeError: module '__main__' has no attribute 'controlstep'
AttributeError: module '__main__' has no attribute 'controlstep'
AttributeError: module '__main__' has no attribute 'controlstep'
AttributeError: module '__main__' has no attribute 'controlstep'
AttributeError: module '__main__' has no attribute 'controlstep'
AttributeError: module '__main__' has no attribute 'controlstep'
AttributeError: module '__main__' has no attribute 'controlstep'
AttributeError: module '__main__' has no attribute 'controlstep'
AttributeError: module '__main__' has no attribute 'controlstep'
AttributeError: module '__main__' has no attribute 'controlstep'
AttributeError: module '__main__' has no attribute 'controlstep'
AttributeError: module '__main__' has no attribute 'controlstep'
AttributeError: module '__main__' has no attribute 'controlstep'
AttributeError: module '__main__' has no attribute 'controlstep'
AttributeError: module '__main__' has no attribute 'controlstep'
AttributeError: module '__main__' has no attribute 'controlstep'
AttributeError: module '__main__' has no attribute 'controlstep'
AttributeError: module '__main__' has no attribute 'controlstep'
AttributeError: module '__main__' has no attribute 'controlstep'
AttributeError: module '__main__' has no attribute 'controlstep'
AttributeError: module '__main__' has no attribute 'controlstep'
AttributeError: module '__main__' has no attribute 'controlstep'
AttributeError: module '__main__' has no attribute 'controlstep'
AttributeError: module '__main__' has no attribute 'controlstep'
AttributeError: module '__main__' has no attribute 'controlstep'
AttributeError: module '__main__' has no attribute 'controlstep'
AttributeError: module '__main__' has no attribute 'controlstep'
AttributeError: module '__main__' has no attribute 'controlstep'
AttributeError: module '__main__' has no attribute 'controlstep'
AttributeError: module '__main__' has no attribute 'controlstep'
AttributeError: module '__main__' has no attribute 'controlstep'
AttributeError: module '__main__' has no attribute 'controlstep'
AttributeError: module '__main__' has no attribute 'controlstep'
AttributeError: module '__main__' has no attribute 'controlstep'
AttributeError: module '__main__' has no attribute 'controlstep'
AttributeError: module '__main__' has no attribute 'controlstep'
AttributeError: module '__main__' has no attribute 'controlstep'
AttributeError: module '__main__' has no attribute 'controlstep'
AttributeError: module '__main__' has no attribute 'controlstep'
AttributeError: module '__main__' has no attribute 'controlstep'
AttributeError: module '__main__' has no attribute 'controlstep'
AttributeError: module '__main__' has no attribute 'controlstep'
AttributeError: module '__main__' has no attribute 'controlstep'
AttributeError: module '__main__' has no attribute 'controlstep'
AttributeError: module '__main__' has no attribute 'controlstep'
AttributeError: module '__main__' has no attribute 'controlstep'
AttributeError: module '__main__' has no attribute 'controlstep'
AttributeError: module '__main__' has no attribute 'controlstep'
AttributeError: module '__main__' has no attribute 'controlstep'
AttributeError: module '__main__' has no attribute 'controlstep'
AttributeError: module '__main__' has no attribute 'controlstep'
AttributeError: module '__main__' has no attribute 'controlstep'
AttributeError: module '__main__' has no attribute 'controlstep'
AttributeError: module '__main__' has no attribute 'controlstep'
AttributeError: module '__main__' has no attribute 'controlstep'
AttributeError: module '__main__' has no attribute 'controlstep'
AttributeError: module '__main__' has no attribute 'controlstep'
AttributeError: module '__main__' has no attribute 'controlstep'
AttributeError: module '__main__' has no attribute 'controlstep'
AttributeError: module '__main__' has no attribute 'controlstep'
AttributeError: module '__main__' has no attribute 'controlstep'
AttributeError: module '__main__' has no attribute 'controlstep'
AttributeError: module '__main__' has no attribute 'controlstep'
AttributeError: module '__main__' has no attribute 'controlstep'
AttributeError: module '__main__' has no attribute 'controlstep'
AttributeError: module '__main__' has no attribute 'controlstep'
AttributeError: module '__main__' has no attribute 'controlstep'
AttributeError: module '__main__' has no attribute 'controlstep'
AttributeError: module '__main__' has no attribute 'controlstep'
AttributeError: module '__main__' has no attribute 'controlstep'
AttributeError: module '__main__' has no attribute 'controlstep'
AttributeError: module '__main__' has no attribute 'controlstep'
AttributeError: module '__main__' has no attribute 'controlstep'
AttributeError: module '__main__' has no attribute 'controlstep'
AttributeError: module '__main__' has no attribute 'controlstep'
AttributeError: module '__main__' has no attribute 'controlstep'
AttributeError: module '__main__' has no attribute 'controlstep'
AttributeError: module '__main__' has no attribute 'controlstep'
AttributeError: module '__main__' has no attribute 'controlstep'
AttributeError: module '__main__' has no attribute 'controlstep'
AttributeError: module '__main__' has no attribute 'controlstep'
AttributeError: module '__main__' has no attribute 'controlstep'
AttributeError: module '__main__' has no attribute 'controlstep'
AttributeError: module '__main__' has no attribute 'controlstep'
AttributeError: module '__main__' has no attribute 'controlstep'
AttributeError: module '__main__' has no attribute 'controlstep'
AttributeError: module '__main__' has no attribute 'controlstep'
AttributeError: module '__main__' has no attribute 'controlstep'
AttributeError: module '__main__' has no attribute 'controlstep'
AttributeError: module '__main__' has no attribute 'controlstep'
AttributeError: module '__main__' has no attribute 'controlstep'
AttributeError: module '__main__' has no attribute 'controlstep'
AttributeError: module '__main__' has no attribute 'controlstep'
AttributeError: module '__main__' has no attribute 'controlstep'
AttributeError: module '__main__' has no attribute 'controlstep'
AttributeError: module '__main__' has no attribute 'controlstep'
AttributeError: module '__main__' has no attribute 'controlstep'
AttributeError: module '__main__' has no attribute 'controlstep'
AttributeError: module '__main__' has no attribute 'controlstep'
AttributeError: module '__main__' has no attribute 'controlstep'
AttributeError: module '__main__' has no attribute 'controlstep'
AttributeError: module '__main__' has no attribute 'controlstep'
AttributeError: module '__main__' has no attribute 'controlstep'
AttributeError: module '__main__' has no attribute 'controlstep'
AttributeError: module '__main__' has no attribute 'controlstep'
AttributeError: module '__main__' has no attribute 'controlstep'
AttributeError: module '__main__' has no attribute 'controlstep'
AttributeError: module '__main__' has no attribute 'controlstep'
AttributeError: module '__main__' has no attribute 'controlstep'
AttributeError: module '__main__' has no attribute 'controlstep'
AttributeError: module '__main__' has no attribute 'controlstep'
AttributeError: module '__main__' has no attribute 'controlstep'
AttributeError: module '__main__' has no attribute 'controlstep'
AttributeError: module '__main__' has no attribute 'controlstep'
AttributeError: module '__main__' has no attribute 'controlstep'
AttributeError: module '__main__' has no attribute 'controlstep'
AttributeError: module '__main__' has no attribute 'controlstep'
AttributeError: module '__main__' has no attribute 'controlstep'
AttributeError: module '__main__' has no attribute 'controlstep'
AttributeError: module '__main__' has no attribute 'controlstep'
AttributeError: module '__main__' has no attribute 'controlstep'
AttributeError: module '__main__' has no attribute 'controlstep'
AttributeError: module '__main__' has no attribute 'controlstep'
AttributeError: module '__main__' has no attribute 'controlstep'
AttributeError: module '__main__' has no attribute 'controlstep'
AttributeError: module '__main__' has no attribute 'controlstep'
AttributeError: module '__main__' has no attribute 'controlstep'
AttributeError: module '__main__' has no attribute 'controlstep'
AttributeError: module '__main__' has no attribute 'controlstep'
AttributeError: module '__main__' has no attribute 'controlstep'
AttributeError: module '__main__' has no attribute 'controlstep'
AttributeError: module '__main__' has no attribute 'controlstep'
AttributeError: module '__main__' has no attribute 'controlstep'
AttributeError: module '__main__' has no attribute 'controlstep'
AttributeError: module '__main__' has no attribute 'controlstep'
AttributeError: module '__main__' has no attribute 'controlstep'
AttributeError: module '__main__' has no attribute 'controlstep'
AttributeError: module '__main__' has no attribute 'controlstep'
AttributeError: module '__main__' has no attribute 'controlstep'
AttributeError: module '__main__' has no attribute 'controlstep'
AttributeError: module '__main__' has no attribute 'controlstep'
AttributeError: module '__main__' has no attribute 'controlstep'
AttributeError: module '__main__' has no attribute 'controlstep'
AttributeError: module '__main__' has no attribute 'controlstep'
AttributeError: module '__main__' has no attribute 'controlstep'
AttributeError: module '__main__' has no attribute 'controlstep'
AttributeError: module '__main__' has no attribute 'controlstep'
AttributeError: module '__main__' has no attribute 'controlstep'
AttributeError: module '__main__' has no attribute 'controlstep'
AttributeError: module '__main__' has no attribute 'controlstep'
AttributeError: module '__main__' has no attribute 'controlstep'
AttributeError: module '__main__' has no attribute 'controlstep'
AttributeError: module '__main__' has no attribute 'controlstep'
AttributeError: module '__main__' has no attribute 'controlstep'
AttributeError: module '__main__' has no attribute 'controlstep'
AttributeError: module '__main__' has no attribute 'controlstep'
AttributeError: module '__main__' has no attribute 'controlstep'
AttributeError: module '__main__' has no attribute 'controlstep'
AttributeError: module '__main__' has no attribute 'controlstep'
AttributeError: module '__main__' has no attribute 'controlstep'
AttributeError: module '__main__' has no attribute 'controlstep'
AttributeError: module '__main__' has no attribute 'controlstep'
AttributeError: module '__main__' has no attribute 'controlstep'
AttributeError: module '__main__' has no attribute 'controlstep'
AttributeError: module '__main__' has no attribute 'controlstep'
AttributeError: module '__main__' has no attribute 'controlstep'
AttributeError: module '__main__' has no attribute 'controlstep'
AttributeError: module '__main__' has no attribute 'controlstep'
AttributeError: module '__main__' has no attribute 'controlstep'
AttributeError: module '__main__' has no attribute 'controlstep'
AttributeError: module '__main__' has no attribute 'controlstep'
AttributeError: module '__main__' has no attribute 'controlstep'
AttributeError: module '__main__' has no attribute 'controlstep'
AttributeError: module '__main__' has no attribute 'controlstep'
AttributeError: module '__main__' has no attribute 'controlstep'
AttributeError: module '__main__' has no attribute 'controlstep'
AttributeError: module '__main__' has no attribute 'controlstep'
AttributeError: module '__main__' has no attribute 'controlstep'
AttributeError: module '__main__' has no attribute 'controlstep'
AttributeError: module '__main__' has no attribute 'controlstep'
AttributeError: module '__main__' has no attribute 'controlstep'
AttributeError: module '__main__' has no attribute 'controlstep'
AttributeError: module '__main__' has no attribute 'controlstep'
AttributeError: module '__main__' has no attribute 'controlstep'
AttributeError: module '__main__' has no attribute 'controlstep'
AttributeError: module '__main__' has no attribute 'controlstep'
AttributeError: module '__main__' has no attribute 'controlstep'
AttributeError: module '__main__' has no attribute 'controlstep'
AttributeError: module '__main__' has no attribute 'controlstep'
AttributeError: module '__main__' has no attribute 'controlstep'
AttributeError: module '__main__' has no attribute 'controlstep'
AttributeError: module '__main__' has no attribute 'controlstep'
AttributeError: module '__main__' has no attribute 'controlstep'
AttributeError: module '__main__' has no attribute 'controlstep'
AttributeError: module '__main__' has no attribute 'controlstep'
AttributeError: module '__main__' has no attribute 'controlstep'
AttributeError: module '__main__' has no attribute 'controlstep'
AttributeError: module '__main__' has no attribute 'controlstep'
AttributeError: module '__main__' has no attribute 'controlstep'
AttributeError: module '__main__' has no attribute 'controlstep'
AttributeError: module '__main__' has no attribute 'controlstep'
AttributeError: module '__main__' has no attribute 'controlstep'
AttributeError: module '__main__' has no attribute 'controlstep'
AttributeError: module '__main__' has no attribute 'controlstep'
AttributeError: module '__main__' has no attribute 'controlstep'
AttributeError: module '__main__' has no attribute 'controlstep'
AttributeError: module '__main__' has no attribute 'controlstep'
AttributeError: module '__main__' has no attribute 'controlstep'
AttributeError: module '__main__' has no attribute 'controlstep'
AttributeError: module '__main__' has no attribute 'controlstep'
AttributeError: module '__main__' has no attribute 'controlstep'
AttributeError: module '__main__' has no attribute 'controlstep'
AttributeError: module '__main__' has no attribute 'controlstep'
AttributeError: module '__main__' has no attribute 'controlstep'
AttributeError: module '__main__' has no attribute 'controlstep'
AttributeError: module '__main__' has no attribute 'controlstep'
AttributeError: module '__main__' has no attribute 'controlstep'
AttributeError: module '__main__' has no attribute 'controlstep'
AttributeError: module '__main__' has no attribute 'controlstep'
AttributeError: module '__main__' has no attribute 'controlstep'
AttributeError: module '__main__' has no attribute 'controlstep'
AttributeError: module '__main__' has no attribute 'controlstep'
AttributeError: module '__main__' has no attribute 'controlstep'
AttributeError: module '__main__' has no attribute 'controlstep'
AttributeError: module '__main__' has no attribute 'controlstep'
AttributeError: module '__main__' has no attribute 'controlstep'
AttributeError: module '__main__' has no attribute 'controlstep'
AttributeError: module '__main__' has no attribute 'controlstep'
AttributeError: module '__main__' has no attribute 'controlstep'
AttributeError: module '__main__' has no attribute 'controlstep'
AttributeError: module '__main__' has no attribute 'controlstep'
AttributeError: module '__main__' has no attribute 'controlstep'
AttributeError: module '__main__' has no attribute 'controlstep'
AttributeError: module '__main__' has no attribute 'controlstep'
AttributeError: module '__main__' has no attribute 'controlstep'
AttributeError: module '__main__' has no attribute 'controlstep'
AttributeError: module '__main__' has no attribute 'controlstep'
AttributeError: module '__main__' has no attribute 'controlstep'
AttributeError: module '__main__' has no attribute 'controlstep'
AttributeError: module '__main__' has no attribute 'controlstep'
AttributeError: module '__main__' has no attribute 'controlstep'
AttributeError: module '__main__' has no attribute 'controlstep'
AttributeError: module '__main__' has no attribute 'controlstep'
AttributeError: module '__main__' has no attribute 'controlstep'
AttributeError: module '__main__' has no attribute 'controlstep'
AttributeError: module '__main__' has no attribute 'controlstep'
AttributeError: module '__main__' has no attribute 'controlstep'
AttributeError: module '__main__' has no attribute 'controlstep'
AttributeError: module '__main__' has no attribute 'controlstep'
AttributeError: module '__main__' has no attribute 'controlstep'
AttributeError: module '__main__' has no attribute 'controlstep'
AttributeError: module '__main__' has no attribute 'controlstep'
AttributeError: module '__main__' has no attribute 'controlstep'
AttributeError: module '__main__' has no attribute 'controlstep'
AttributeError: module '__main__' has no attribute 'controlstep'
AttributeError: module '__main__' has no attribute 'controlstep'
AttributeError: module '__main__' has no attribute 'controlstep'
AttributeError: module '__main__' has no attribute 'controlstep'
AttributeError: module '__main__' has no attribute 'controlstep'
AttributeError: module '__main__' has no attribute 'controlstep'
AttributeError: module '__main__' has no attribute 'controlstep'
AttributeError: module '__main__' has no attribute 'controlstep'
AttributeError: module '__main__' has no attribute 'controlstep'
AttributeError: module '__main__' has no attribute 'controlstep'
AttributeError: module '__main__' has no attribute 'controlstep'
AttributeError: module '__main__' has no attribute 'controlstep'
AttributeError: module '__main__' has no attribute 'controlstep'
AttributeError: module '__main__' has no attribute 'controlstep'
AttributeError: module '__main__' has no attribute 'controlstep'
AttributeError: module '__main__' has no attribute 'controlstep'
AttributeError: module '__main__' has no attribute 'controlstep'
AttributeError: module '__main__' has no attribute 'controlstep'
AttributeError: module '__main__' has no attribute 'controlstep'
AttributeError: module '__main__' has no attribute 'controlstep'
AttributeError: module '__main__' has no attribute 'controlstep'
AttributeError: module '__main__' has no attribute 'controlstep'
AttributeError: module '__main__' has no attribute 'controlstep'
AttributeError: module '__main__' has no attribute 'controlstep'
AttributeError: module '__main__' has no attribute 'controlstep'
AttributeError: module '__main__' has no attribute 'controlstep'
AttributeError: module '__main__' has no attribute 'controlstep'
AttributeError: module '__main__' has no attribute 'controlstep'
AttributeError: module '__main__' has no attribute 'controlstep'
AttributeError: module '__main__' has no attribute 'controlstep'
AttributeError: module '__main__' has no attribute 'controlstep'
AttributeError: module '__main__' has no attribute 'controlstep'
AttributeError: module '__main__' has no attribute 'controlstep'
AttributeError: module '__main__' has no attribute 'controlstep'
AttributeError: module '__main__' has no attribute 'controlstep'
AttributeError: module '__main__' has no attribute 'controlstep'
AttributeError: module '__main__' has no attribute 'controlstep'
AttributeError: module '__main__' has no attribute 'controlstep'
AttributeError: module '__main__' has no attribute 'controlstep'
AttributeError: module '__main__' has no attribute 'controlstep'
AttributeError: module '__main__' has no attribute 'controlstep'
AttributeError: module '__main__' has no attribute 'controlstep'
AttributeError: module '__main__' has no attribute 'controlstep'
AttributeError: module '__main__' has no attribute 'controlstep'
AttributeError: module '__main__' has no attribute 'controlstep'
AttributeError: module '__main__' has no attribute 'controlstep'
AttributeError: module '__main__' has no attribute 'controlstep'
AttributeError: module '__main__' has no attribute 'controlstep'
AttributeError: module '__main__' has no attribute 'controlstep'
AttributeError: module '__main__' has no attribute 'controlstep'
AttributeError: module '__main__' has no attribute 'controlstep'
AttributeError: module '__main__' has no attribute 'controlstep'
AttributeError: module '__main__' has no attribute 'controlstep'
AttributeError: module '__main__' has no attribute 'controlstep'
slurmstepd-localhost: error: *** JOB 138 ON localhost CANCELLED AT 2025-08-14T23:15:09 ***
